<?xml version="1.0"?>

<!--
	
NOTE:  You may need to set the  ANT_OPTS="-Xmx512m"  env prop in order to compile this project successfully.

-->


	
<project default="dev-jar" name="Dev-Build" basedir=".">

   <property name="root.dir" value="." />  <!-- REMINDER: this needs to be "." for public source -->
   <property name="libs.dir" value="dev-build/libs" />
   <property name="dist.dir" value="dev-dist" />
   <property name="build.dir" value="dev-build"/>
   <property name="classes.dir" value="dev-build/classes"/>

   <property name="generic.excludes" value="**/*.jar **/*.txt **/*.jardesc **/.classpath **/.project **/aereg.lib **/aereg.dll" />
   <property name="dist.jar.excludes" value="${generic.excludes} **/*.java " />


   <!--  INIT  -->
   <target name="dev-init" >
      <echo message=" creating dirs for (dev) Azureus2-dev.jar..." />

      <tstamp/>

      <mkdir dir="${root.dir}/${dist.dir}" />
      <mkdir dir="${root.dir}/${libs.dir}"/>
      <mkdir dir="${root.dir}/${classes.dir}/com"/>
      <mkdir dir="${root.dir}/${classes.dir}/org"/> 

      <!-- move jar file from ../notSourceControl/dist/AzComp.jar   (non-java 1.4 source code)  -->
      <copy todir="${root.dir}/${libs.dir}">
          <fileset dir="../notSourceControl/dist">
            <include name="**/*.jar"/>
          </fileset>
      </copy>

   </target>

   <!--   COMPILE   -->
   <target name="dev-compile" depends="dev-init" >
        <path id="libs.classpath">
            <fileset dir="${root.dir}/build/libs" includes="**/*.jar" />
            <fileset dir="${root.dir}/${libs.dir}" includes="**/*.jar" />
        </path>

        <!-- azureus2 -->
       <echo message="starting azureus2 compile ..."/>
        <javac srcdir="${root.dir}" destdir="${classes.dir}" nowarn="yes" source="1.4" target="1.4" includeAntRuntime="no" debug="true" debuglevel="lines,vars,source" >
             <classpath refid="libs.classpath" />
        </javac>

       <path id="az2classes.classpath">
           <fileset dir="${root.dir}/${classes.dir}" />
       </path>
        <!-- ../azureus3 -->
       <echo message="starting azureus3 compile ..."/>
       <javac srcdir="../azureus3" destdir="${classes.dir}" nowarn="yes" source="1.4" target="1.4" includeAntRuntime="no" debug="true" debuglevel="lines,vars,source">
            <classpath refid="libs.classpath" />
            <classpath refid="az2classes.classpath"/>
       </javac>

        <!-- ../uis -->
       <echo message="starting uis compile ..."/>
       <javac srcdir="../uis" destdir="${classes.dir}" nowarn="yes" source="1.4" target="1.4" includeAntRuntime="no" debug="true" debuglevel="lines,vars,source">
            <classpath refid="libs.classpath" />
       </javac>

       <!-- ../component -->
       <echo message="starting component compile (java 1.5) ..."/>
       <javac srcdir="../components" destdir="${classes.dir}" nowarn="yes" includeAntRuntime="no" debug="true" debuglevel="lines,vars,source">
            <classpath refid="libs.classpath"/>
       </javac>

   </target>

    
   <!--  JAR  -->
   <target name="dev-jar" depends="dev-compile" >

      <!-- copy the non-*.java files over -->
      <echo message="copying non-jar files"/>
      <copy todir="${root.dir}/${classes.dir}/com">
          <fileset dir="./com">
            <exclude name="**/*.jar"/>
            <exclude name="**/*.class"/>
          </fileset>
      </copy>

      <copy todir="${root.dir}/${classes.dir}/org">
          <fileset dir="./org">
            <exclude name="**/*.jar"/>
            <exclude name="**/*.class"/>
          </fileset>
      </copy>

      <copy todir="${root.dir}/${classes.dir}">
          <fileset dir="../azureus3">
             <exclude name="**/*.jar"/>
             <exclude name="**/*.class"/>
          </fileset>
      </copy>

      <echo message="creating jar file."/>
      <jar destfile="${root.dir}/${dist.dir}/Azureus2-dev-${DSTAMP}-${TSTAMP}.jar" basedir="${root.dir}/${classes.dir}" excludes="${dist.jar.excludes}" >
         <manifest>
            <attribute name="Main-Class" value="org.gudy.azureus2.ui.common.Main" />
            <attribute name="Class-Path" value="Azureus2.jar apple-extensions.jar commons-cli.jar log4j.jar swt.jar swt-win32.jar swt-osx.jar" />
         </manifest>
      </jar>

   </target>

   <!--  CLEAN  -->
   <target name="dev-clean" >
      <delete quiet="true" >
          <fileset dir="${root.dir}/{classes.dir}" includes="**/*.class"/>
      </delete>

       <delete dir="${root.dir}/${classes.dir}" />
   </target>

</project>

