class name,package name,number of attributes,number of methods,lines of code,god class,brain class,data class,
UnionBugs2,edu::umd::cs::findbugs::anttask,2,7.0,39.0,false,false,false,
AbstractFindBugsTask,edu::umd::cs::findbugs::anttask,16,25.0,201.0,false,false,false,
FindBugsTask,edu::umd::cs::findbugs::anttask,28,39.0,347.0,false,false,false,
ClassLocation,edu::umd::cs::findbugs::anttask,1,4.0,9.0,false,false,true,
SystemProperty,edu::umd::cs::findbugs::anttask,2,5.0,6.0,false,false,true,
ComputeBugHistoryTask,edu::umd::cs::findbugs::anttask,8,13.0,75.0,false,false,true,
DataFile,edu::umd::cs::findbugs::anttask,1,3.0,8.0,false,false,true,
ConvertXmlToTextTask,edu::umd::cs::findbugs::anttask,5,12.0,61.0,false,false,true,
UnionBugs,edu::umd::cs::findbugs::anttask,2,6.0,75.0,false,false,false,
FindBugsViewerTask,edu::umd::cs::findbugs::anttask,11,15.0,127.0,false,false,false,
SetBugDatabaseInfoTask,edu::umd::cs::findbugs::anttask,9,17.0,88.0,false,false,true,
FilterBugsTask,edu::umd::cs::findbugs::anttask,27,36.0,178.0,false,false,false,
MineBugHistoryTask,edu::umd::cs::findbugs::anttask,5,13.0,70.0,false,false,false,
MutableLock,edu::umd::cs::findbugs::detect,4,3.0,38.0,false,false,false,
BytecodeScanningDetector,edu::umd::cs::findbugs,1,3.0,9.0,false,false,false,
DismantleBytecode,edu::umd::cs::findbugs::visitclass,47,59.0,772.0,false,false,false,
AnnotationVisitor,edu::umd::cs::findbugs::visitclass,5,8.0,209.0,false,false,false,
PreorderVisitor,edu::umd::cs::findbugs::visitclass,26,46.0,333.0,false,false,false,
BetterVisitor,edu::umd::cs::findbugs::visitclass,0,36.0,106.0,false,false,false,
DontUseEnum,edu::umd::cs::findbugs::detect,1,4.0,18.0,false,false,false,
PreorderDetector,edu::umd::cs::findbugs::bcel,1,3.0,9.0,false,false,false,
FindFloatEquality,edu::umd::cs::findbugs::detect,7,5.0,108.0,false,false,false,
OpcodeStackDetector,edu::umd::cs::findbugs::bcel,1,4.0,14.0,false,false,false,
FindRunInvocations,edu::umd::cs::findbugs::detect,3,4.0,32.0,false,false,false,
CbeckMustOverrideSuperAnnotation,edu::umd::cs::findbugs::detect,3,3.0,31.0,false,false,false,
URLProblems,edu::umd::cs::findbugs::detect,3,5.0,57.0,false,false,false,
FindUnsatisfiedObligation,edu::umd::cs::findbugs::detect,9,4.0,40.0,false,false,false,
CFGDetector,edu::umd::cs::findbugs::bcel,0,4.0,29.0,false,false,false,
MethodChecker,edu::umd::cs::findbugs::detect,8,8.0,238.0,false,false,true,
PossibleObligationTransfer,edu::umd::cs::findbugs::detect,2,4.0,15.0,false,false,false,
PostProcessingPathVisitor,edu::umd::cs::findbugs::detect,6,9.0,206.0,false,false,false,
1,edu::umd::cs::findbugs::detect,3,3.0,64.0,false,false,false,
TrainUnconditionalDerefParams,edu::umd::cs::findbugs::detect,1,3.0,16.0,false,false,false,
BuildUnconditionalParamDerefDatabase,edu::umd::cs::findbugs::detect,5,5.0,106.0,false,false,false,
FindSelfComparison,edu::umd::cs::findbugs::detect,7,6.0,198.0,false,false,false,
FindUnconditionalWait,edu::umd::cs::findbugs::detect,2,4.0,26.0,false,false,false,
AnyMethodReturnValueStreamFactory,edu::umd::cs::findbugs::detect,2,3.0,31.0,false,false,false,
Stream,edu::umd::cs::findbugs::detect,8,24.0,162.0,false,false,false,
ResourceCreationPoint,edu::umd::cs::findbugs,2,3.0,10.0,false,false,false,
PublicSemaphores,edu::umd::cs::findbugs::detect,5,4.0,45.0,false,false,false,
IOStreamFactory,edu::umd::cs::findbugs::detect,3,2.0,36.0,false,false,false,
WrongMapIterator,edu::umd::cs::findbugs::detect,20,5.0,183.0,false,false,false,
BooleanReturnNull,edu::umd::cs::findbugs::detect,1,3.0,21.0,false,false,false,
InfiniteLoop,edu::umd::cs::findbugs::detect,7,16.0,270.0,true,false,false,
Jump,edu::umd::cs::findbugs::detect,2,4.0,16.0,false,false,false,
BackwardsBranch,edu::umd::cs::findbugs::detect,2,3.0,15.0,false,false,false,
ForwardConditionalBranch,edu::umd::cs::findbugs::detect,2,3.0,13.0,false,false,false,
FindNonSerializableValuePassedToWriteObject,edu::umd::cs::findbugs::detect,2,4.0,114.0,false,false,false,
TestDataflowAnalysis,edu::umd::cs::findbugs::detect,4,5.0,96.0,false,false,false,
CallToUnsupportedMethod,edu::umd::cs::findbugs::detect,1,4.0,93.0,false,false,false,
NumberConstructor,edu::umd::cs::findbugs::detect,3,5.0,71.0,false,false,false,
RefComparisonWarningProperty,edu::umd::cs::findbugs::detect,9,1.0,3.0,false,false,false,
AbstractWarningProperty,edu::umd::cs::findbugs::props,2,3.0,10.0,false,false,false,
IDivResultCastToDouble,edu::umd::cs::findbugs::detect,5,3.0,47.0,false,false,false,
StartInConstructor,edu::umd::cs::findbugs::detect,3,3.0,32.0,false,false,false,
TrainFieldStoreTypes,edu::umd::cs::findbugs::detect,2,4.0,76.0,false,false,false,
NoteAnnotationRetention,edu::umd::cs::findbugs::detect,1,6.0,29.0,false,false,false,
SynchronizingOnContentsOfFieldToProtectField,edu::umd::cs::findbugs::detect,6,3.0,63.0,false,false,true,
CloneIdiom,edu::umd::cs::findbugs::detect,12,6.0,73.0,false,false,false,
FindTwoLockWait,edu::umd::cs::findbugs::detect,4,7.0,96.0,false,false,false,
NonNullReturnProperty,edu::umd::cs::findbugs::detect,1,1.0,3.0,false,false,false,
TestingGround,edu::umd::cs::findbugs::detect,6,7.0,160.0,false,false,false,
FindNullDerefsInvolvingNonShortCircuitEvaluation,edu::umd::cs::findbugs::detect,2,7.0,120.0,false,false,false,
StaticCalendarDetector,edu::umd::cs::findbugs::detect,13,5.0,128.0,false,false,false,
FindMismatchedWaitOrNotify,edu::umd::cs::findbugs::detect,2,5.0,104.0,false,false,false,
BadResultSetAccess,edu::umd::cs::findbugs::detect,2,2.0,31.0,false,false,false,
InstanceFieldLoadStreamFactory,edu::umd::cs::findbugs::detect,2,3.0,33.0,false,false,false,
DontIgnoreResultOfPutIfAbsent,edu::umd::cs::findbugs::detect,6,6.0,206.0,true,false,false,
UnreadFields,edu::umd::cs::findbugs::detect,44,17.0,751.0,true,true,false,
FindBadForLoop,edu::umd::cs::findbugs::detect,3,3.0,61.0,false,false,false,
DontCatchIllegalMonitorStateException,edu::umd::cs::findbugs::detect,4,4.0,26.0,false,false,false,
InconsistentSyncWarningProperty,edu::umd::cs::findbugs::detect,9,1.0,3.0,false,false,false,
FindUnrelatedTypesInGenericContainer,edu::umd::cs::findbugs::detect,4,10.0,530.0,true,false,false,
NullArgumentWarningProperty,edu::umd::cs::findbugs::detect,4,1.0,3.0,false,false,false,
FindBadCast,edu::umd::cs::findbugs::detect,6,3.0,171.0,false,false,false,
FindSleepWithLockHeld,edu::umd::cs::findbugs::detect,2,6.0,76.0,false,false,false,
UselessSubclassMethod,edu::umd::cs::findbugs::detect,8,9.0,206.0,false,false,false,
NoiseNullDeref,edu::umd::cs::findbugs::detect,11,17.0,292.0,false,false,false,
CheckCallSitesAndReturnInstructions,edu::umd::cs::findbugs::detect,0,0.0,0.0,false,false,false,
MultithreadedInstanceAccess,edu::umd::cs::findbugs::detect,8,7.0,112.0,false,false,false,
ReflectiveClasses,edu::umd::cs::findbugs::detect,1,5.0,24.0,false,false,false,
SerializableIdiom,edu::umd::cs::findbugs::detect,33,8.0,287.0,false,false,false,
SynchronizeOnClassLiteralNotGetClass,edu::umd::cs::findbugs::detect,5,3.0,78.0,false,false,true,
MethodReturnCheck,edu::umd::cs::findbugs::detect,12,7.0,115.0,false,false,false,
CrossSiteScripting,edu::umd::cs::findbugs::detect,6,7.0,135.0,false,false,false,
AppendingToAnObjectOutputStream,edu::umd::cs::findbugs::detect,2,3.0,42.0,false,false,false,
RepeatedConditionals,edu::umd::cs::findbugs::detect,5,5.0,98.0,false,false,false,
BuildInterproceduralCallGraph,edu::umd::cs::findbugs::detect,2,6.0,44.0,false,false,false,
BadAppletConstructor,edu::umd::cs::findbugs::detect,3,4.0,38.0,false,false,false,
UseObjectEquals,edu::umd::cs::findbugs::detect,1,2.0,36.0,false,false,false,
ConfusedInheritance,edu::umd::cs::findbugs::detect,2,4.0,20.0,false,false,false,
DumbMethods,edu::umd::cs::findbugs::detect,27,12.0,882.0,true,false,false,
FindNonShortCircuit,edu::umd::cs::findbugs::detect,18,9.0,193.0,false,false,true,
VarArgsProblems,edu::umd::cs::findbugs::detect,12,3.0,83.0,false,false,false,
InheritanceUnsafeGetResource,edu::umd::cs::findbugs::detect,9,4.0,103.0,false,false,true,
FindFinalizeInvocations,edu::umd::cs::findbugs::detect,4,3.0,46.0,false,false,false,
FindSpinLoop,edu::umd::cs::findbugs::detect,5,3.0,56.0,false,false,false,
FieldItemSummary,edu::umd::cs::findbugs::detect,3,5.0,87.0,false,false,false,
StringConcatenation,edu::umd::cs::findbugs::detect,14,5.0,207.0,false,false,false,
StaticFieldLoadStreamFactory,edu::umd::cs::findbugs::detect,4,2.0,22.0,false,false,true,
QuestionableBooleanAssignment,edu::umd::cs::findbugs::detect,9,3.0,59.0,false,false,false,
DuplicateBranches,edu::umd::cs::findbugs::detect,3,12.0,298.0,true,false,false,
InefficientToArray,edu::umd::cs::findbugs::detect,8,4.0,52.0,false,false,false,
FindLocalSelfAssignment2,edu::umd::cs::findbugs::detect,5,3.0,43.0,false,false,false,
NoteNonNullAnnotations,edu::umd::cs::findbugs::detect,0,3.0,11.0,false,false,false,
BuildNonNullAnnotationDatabase,edu::umd::cs::findbugs::detect,4,5.0,85.0,false,false,false,
CheckImmutableAnnotation,edu::umd::cs::findbugs::detect,1,5.0,22.0,false,false,false,
StreamResourceTracker,edu::umd::cs::findbugs::detect,7,16.0,137.0,false,false,false,
StreamEscape,edu::umd::cs::findbugs::detect,2,5.0,20.0,false,false,false,
StreamEquivalenceClass,edu::umd::cs::findbugs::detect,2,5.0,21.0,false,false,false,
UncallableMethodOfAnonymousClass,edu::umd::cs::findbugs::detect,3,9.0,162.0,false,false,false,
InvalidJUnitTest,edu::umd::cs::findbugs::detect,6,8.0,125.0,false,false,false,
OverridingEqualsNotSymmetrical,edu::umd::cs::findbugs::detect,28,7.0,330.0,false,false,false,
EqStringTest,edu::umd::cs::findbugs::detect,5,4.0,49.0,false,false,false,
NoteCheckReturnValueAnnotations,edu::umd::cs::findbugs::detect,0,3.0,9.0,false,false,false,
BuildCheckReturnAnnotationDatabase,edu::umd::cs::findbugs::detect,2,3.0,69.0,false,false,false,
FindJSR166LockMonitorenter,edu::umd::cs::findbugs::detect,3,5.0,103.0,false,false,false,
NoteCheckReturnValue,edu::umd::cs::findbugs::detect,5,6.0,83.0,false,false,false,
FindNullDeref,edu::umd::cs::findbugs::detect,17,34.0,1273.0,false,false,false,
FindOpenStream,edu::umd::cs::findbugs::detect,6,8.0,210.0,false,false,false,
PotentialOpenStream,edu::umd::cs::findbugs::detect,3,1.0,5.0,false,false,true,
FindDoubleCheck,edu::umd::cs::findbugs::detect,12,4.0,127.0,false,false,false,
IncompatMask,edu::umd::cs::findbugs::detect,6,7.0,164.0,false,false,false,
FormatStringChecker,edu::umd::cs::findbugs::detect,5,3.0,153.0,false,false,false,
FindDeadLocalStores,edu::umd::cs::findbugs::detect,7,10.0,456.0,true,false,false,
FindBadCast2,edu::umd::cs::findbugs::detect,5,7.0,412.0,true,false,false,
NoteSuppressedWarnings,edu::umd::cs::findbugs::detect,3,7.0,86.0,false,false,false,
IteratorIdioms,edu::umd::cs::findbugs::detect,4,4.0,36.0,false,false,false,
FindFloatMath,edu::umd::cs::findbugs::detect,1,2.0,34.0,false,false,false,
SwitchFallthrough,edu::umd::cs::findbugs::detect,16,6.0,197.0,false,false,false,
BuildObligationPolicyDatabase,edu::umd::cs::findbugs::detect,12,9.0,335.0,false,false,false,
AuxilaryObligationPropertyDatabase,edu::umd::cs::findbugs::detect,0,3.0,6.0,false,false,false,
Naming,edu::umd::cs::findbugs::detect,9,23.0,367.0,false,true,false,
NamingProperty,edu::umd::cs::findbugs::detect,2,1.0,3.0,false,false,false,
Lock,edu::umd::cs::findbugs::detect,1,2.0,7.0,false,false,false,
FindUnreleasedLock,edu::umd::cs::findbugs::detect,2,6.0,79.0,false,false,false,
LockFrameModelingVisitor,edu::umd::cs::findbugs::detect,3,3.0,69.0,false,false,false,
ResourceValueFrameModelingVisitor,edu::umd::cs::findbugs::ba,0,16.0,104.0,false,false,false,
LockResourceTracker,edu::umd::cs::findbugs::detect,4,9.0,127.0,false,false,false,
InstantiateStaticClass,edu::umd::cs::findbugs::detect,1,3.0,60.0,false,false,false,
FindSqlInjectionTest,edu::umd::cs::findbugs::detect,0,2.0,20.0,false,false,false,
CheckExpectedWarnings,edu::umd::cs::findbugs::detect,9,6.0,124.0,false,false,false,
AtomicityProblem,edu::umd::cs::findbugs::detect,4,3.0,44.0,false,false,false,
CheckTypeQualifiers,edu::umd::cs::findbugs::detect,9,13.0,418.0,true,false,false,
WaitInLoop,edu::umd::cs::findbugs::detect,8,5.0,76.0,false,false,true,
InfiniteRecursiveLoop,edu::umd::cs::findbugs::detect,7,4.0,149.0,false,false,false,
RuntimeExceptionCapture,edu::umd::cs::findbugs::detect,6,6.0,143.0,false,false,false,
ExceptionCaught,edu::umd::cs::findbugs::detect,6,1.0,6.0,false,false,true,
ExceptionThrown,edu::umd::cs::findbugs::detect,2,1.0,4.0,false,false,false,
PreferZeroLengthArrays,edu::umd::cs::findbugs::detect,3,3.0,42.0,false,false,false,
BadSyntaxForRegularExpression,edu::umd::cs::findbugs::detect,1,5.0,119.0,false,false,false,
FindCircularDependencies,edu::umd::cs::findbugs::detect,3,6.0,109.0,false,false,false,
LoopFinder,edu::umd::cs::findbugs::detect,4,2.0,20.0,false,false,false,
HugeSharedStringConstants,edu::umd::cs::findbugs::detect,5,4.0,46.0,false,false,false,
NullDerefProperty,edu::umd::cs::findbugs::detect,8,1.0,3.0,false,false,false,
EmptyZipFileEntry,edu::umd::cs::findbugs::detect,3,3.0,37.0,false,false,false,
CheckCalls,edu::umd::cs::findbugs::detect,3,4.0,65.0,false,false,false,
FindNonSerializableStoreIntoSession,edu::umd::cs::findbugs::detect,3,4.0,107.0,false,false,false,
MethodReturnValueStreamFactory,edu::umd::cs::findbugs::detect,6,2.0,43.0,false,false,false,
FindUncalledPrivateMethods,edu::umd::cs::findbugs::detect,5,4.0,73.0,false,false,false,
NoteJCIPAnnotation,edu::umd::cs::findbugs::detect,1,4.0,32.0,false,false,false,
MutableStaticFields,edu::umd::cs::findbugs::detect,13,7.0,206.0,false,false,false,
NoteNonnullReturnValues,edu::umd::cs::findbugs::detect,0,2.0,5.0,false,false,false,
BuildNonnullReturnDatabase,edu::umd::cs::findbugs::detect,4,3.0,59.0,false,false,false,
FindMaskedFields,edu::umd::cs::findbugs::detect,6,4.0,70.0,false,false,false,
RememberedBug,edu::umd::cs::findbugs::detect,3,1.0,5.0,false,false,true,
DeadLocalStoreProperty,edu::umd::cs::findbugs::detect,27,1.0,3.0,false,false,false,
LockedFields,edu::umd::cs::findbugs::detect,23,5.0,200.0,false,false,false,
FindUnsyncGet,edu::umd::cs::findbugs::detect,5,3.0,53.0,false,false,false,
LostLoggerDueToWeakReference,edu::umd::cs::findbugs::detect,6,7.0,102.0,false,false,true,
ComparatorIdiom,edu::umd::cs::findbugs::detect,1,4.0,40.0,false,false,false,
FinalizerNullsFields,edu::umd::cs::findbugs::detect,6,3.0,36.0,false,false,true,
SuspiciousThreadInterrupted,edu::umd::cs::findbugs::detect,8,3.0,75.0,false,false,false,
FindSelfComparison2,edu::umd::cs::findbugs::detect,1,5.0,133.0,false,false,false,
FindBadEqualsImplementation,edu::umd::cs::findbugs::detect,3,5.0,43.0,false,false,false,
DoomedCodeWarningProperty,edu::umd::cs::findbugs::detect,1,1.0,3.0,false,false,false,
CalledMethods,edu::umd::cs::findbugs::detect,4,3.0,44.0,false,false,false,
FindRefComparison,edu::umd::cs::findbugs::detect,19,13.0,501.0,true,false,false,
SpecialTypeAnalysis,edu::umd::cs::findbugs::detect,0,2.0,12.0,false,false,false,
TypeAnalysis,edu::umd::cs::findbugs::ba::type,14,19.0,519.0,true,false,false,
DynamicStringType,edu::umd::cs::findbugs::detect,1,5.0,15.0,false,false,false,
FinalConstant,edu::umd::cs::findbugs::detect,2,5.0,23.0,false,false,false,
StaticStringType,edu::umd::cs::findbugs::detect,1,5.0,15.0,false,false,false,
ParameterStringType,edu::umd::cs::findbugs::detect,1,5.0,15.0,false,false,false,
RefComparisonTypeFrameModelingVisitor,edu::umd::cs::findbugs::detect,2,14.0,162.0,false,false,false,
TypeFrameModelingVisitor,edu::umd::cs::findbugs::ba::type,9,118.0,765.0,false,false,false,
RefComparisonTypeMerger,edu::umd::cs::findbugs::detect,0,4.0,32.0,false,false,false,
StandardTypeMerger,edu::umd::cs::findbugs::ba::type,3,8.0,93.0,false,false,false,
WarningWithProperties,edu::umd::cs::findbugs::detect,4,1.0,6.0,false,false,true,
LazyInit,edu::umd::cs::findbugs::detect,4,7.0,236.0,true,false,false,
ByteCodePatternDetector,edu::umd::cs::findbugs,2,7.0,61.0,false,false,false,
InitializationChain,edu::umd::cs::findbugs::detect,9,6.0,106.0,false,false,false,
FindReturnRef,edu::umd::cs::findbugs::detect,11,5.0,93.0,false,false,true,
ConfusionBetweenInheritedAndOuterMethod,edu::umd::cs::findbugs::detect,2,4.0,65.0,false,false,false,
SynchronizationOnSharedBuiltinConstant,edu::umd::cs::findbugs::detect,3,4.0,47.0,false,false,false,
BadUseOfReturnValue,edu::umd::cs::findbugs::detect,3,3.0,37.0,false,false,false,
TestASM,edu::umd::cs::findbugs::detect,0,3.0,40.0,false,false,false,
ClassNodeDetector,edu::umd::cs::findbugs::asm,1,4.0,14.0,false,false,false,
FindHEmismatch,edu::umd::cs::findbugs::detect,28,10.0,317.0,true,false,false,
InefficientMemberAccess,edu::umd::cs::findbugs::detect,3,3.0,33.0,false,false,false,
ResolveAllReferences,edu::umd::cs::findbugs::detect,2,9.0,121.0,false,false,false,
FindFieldSelfAssignment,edu::umd::cs::findbugs::detect,4,3.0,70.0,false,false,false,
FindInconsistentSync2,edu::umd::cs::findbugs::detect,22,11.0,623.0,true,false,false,
FieldAccess,edu::umd::cs::findbugs::detect,2,2.0,10.0,false,false,false,
FieldStats,edu::umd::cs::findbugs::detect,8,12.0,49.0,false,false,false,
ReadOfInstanceFieldInMethodInvokedByConstructorInSuperclass,edu::umd::cs::findbugs::detect,3,4.0,106.0,false,false,false,
FindUselessControlFlow,edu::umd::cs::findbugs::detect,2,4.0,37.0,false,false,false,
InfiniteRecursiveLoop2,edu::umd::cs::findbugs::detect,3,11.0,235.0,false,false,false,
InconsistentAnnotations,edu::umd::cs::findbugs::detect,2,3.0,41.0,false,false,false,
FindSqlInjection,edu::umd::cs::findbugs::detect,6,17.0,306.0,true,false,false,
StringAppendState,edu::umd::cs::findbugs::detect,7,16.0,45.0,false,false,false,
ReadReturnShouldBeChecked,edu::umd::cs::findbugs::detect,10,6.0,115.0,false,false,false,
VolatileUsage,edu::umd::cs::findbugs::detect,3,5.0,45.0,false,false,false,
NoteDirectlyRelevantTypeQualifiers,edu::umd::cs::findbugs::detect,2,6.0,67.0,false,false,false,
Methods,edu::umd::cs::findbugs::detect,0,3.0,8.0,false,false,false,
Noise,edu::umd::cs::findbugs::detect,4,7.0,117.0,false,false,false,
HashQueue,edu::umd::cs::findbugs::detect,4,6.0,42.0,false,false,false,
FindPuzzlers,edu::umd::cs::findbugs::detect,18,7.0,458.0,true,false,false,
LoadOfKnownNullValue,edu::umd::cs::findbugs::detect,2,4.0,160.0,false,false,false,
BCPMethodReturnCheck,edu::umd::cs::findbugs::detect,4,8.0,228.0,false,false,false,
CallToUnconditionalThrower,edu::umd::cs::findbugs::detect,3,4.0,99.0,false,false,false,
DoInsideDoPrivileged,edu::umd::cs::findbugs::detect,2,3.0,32.0,false,false,false,
XMLFactoryBypass,edu::umd::cs::findbugs::detect,4,4.0,62.0,false,false,false,
DumbMethodInvocations,edu::umd::cs::findbugs::detect,2,5.0,120.0,false,false,false,
RedundantInterfaces,edu::umd::cs::findbugs::detect,1,3.0,41.0,false,false,false,
TrainNonNullAnnotations,edu::umd::cs::findbugs::detect,0,3.0,22.0,false,false,false,
FindBugsSummaryStats,edu::umd::cs::findbugs::detect,10,7.0,39.0,false,false,false,
EqualsOperandShouldHaveClassCompatibleWithThis,edu::umd::cs::findbugs::detect,3,4.0,72.0,false,false,false,
DroppedException,edu::umd::cs::findbugs::detect,14,8.0,369.0,true,true,false,
SuperfluousInstanceOf,edu::umd::cs::findbugs::detect,6,3.0,48.0,false,false,false,
NoteUnconditionalParamDerefs,edu::umd::cs::findbugs::detect,1,3.0,10.0,false,false,false,
FindEmptySynchronizedBlock,edu::umd::cs::findbugs::detect,1,2.0,10.0,false,false,false,
FindNakedNotify,edu::umd::cs::findbugs::detect,4,3.0,49.0,false,false,false,
SynchronizeAndNullCheckField,edu::umd::cs::findbugs::detect,4,3.0,50.0,false,false,false,
BadlyOverriddenAdapter,edu::umd::cs::findbugs::detect,4,3.0,29.0,false,false,false,
StreamFrameModelingVisitor,edu::umd::cs::findbugs::detect,3,3.0,82.0,false,false,false,
FindUninitializedGet,edu::umd::cs::findbugs::detect,8,5.0,102.0,false,false,false,
UnnecessaryMath,edu::umd::cs::findbugs::detect,8,3.0,48.0,false,false,false,
DetectorFactory,edu::umd::cs::findbugs,13,22.0,113.0,false,false,false,
DetectorFactoryCollection,edu::umd::cs::findbugs,12,24.0,304.0,false,false,false,
ResourceTrackingDetector,edu::umd::cs::findbugs,4,9.0,112.0,false,false,false,
BugAccumulator,edu::umd::cs::findbugs,3,6.0,37.0,false,false,false,
BugInstance,edu::umd::cs::findbugs,26,118.0,878.0,true,false,false,
LocalVariableAnnotation,edu::umd::cs::findbugs,20,20.0,165.0,true,false,false,
SourceLineAnnotation,edu::umd::cs::findbugs,25,41.0,397.0,true,false,false,
BugDesignation,edu::umd::cs::findbugs,6,18.0,135.0,false,false,false,
AppVersion,edu::umd::cs::findbugs,6,13.0,66.0,false,false,true,
FatalException,edu::umd::cs::findbugs,1,1.0,3.0,false,false,false,
DetectorsTest,edu::umd::cs::findbugs,4,6.0,82.0,false,false,false,
BugCollectionBugReporter,edu::umd::cs::findbugs,2,9.0,47.0,false,false,false,
TextUIBugReporter,edu::umd::cs::findbugs,10,17.0,133.0,false,false,true,
AbstractBugReporter,edu::umd::cs::findbugs,12,20.0,186.0,false,false,false,
StringAnnotation,edu::umd::cs::findbugs,11,14.0,59.0,false,false,false,
Project,edu::umd::cs::findbugs,26,59.0,681.0,true,false,false,
OpcodeStack,edu::umd::cs::findbugs,24,57.0,1817.0,true,true,false,
Item,edu::umd::cs::findbugs,33,48.0,376.0,false,false,false,
Footprint,edu::umd::cs::findbugs,8,8.0,55.0,false,false,false,
OperatingSystemBeanWrapper,edu::umd::cs::findbugs,2,2.0,3.0,false,false,false,
MemoryBeanWrapper,edu::umd::cs::findbugs,1,2.0,19.0,false,false,false,
CollectionBeanWrapper,edu::umd::cs::findbugs,1,2.0,7.0,false,false,false,
SortedBugCollection,edu::umd::cs::findbugs,26,69.0,683.0,true,false,false,
BugCategory,edu::umd::cs::findbugs,4,11.0,35.0,false,false,false,
BugCode,edu::umd::cs::findbugs,3,8.0,33.0,false,false,false,
MethodAnnotation,edu::umd::cs::findbugs,18,23.0,232.0,true,false,false,
PackageMemberAnnotation,edu::umd::cs::findbugs,3,13.0,76.0,false,false,false,
BugAnnotationWithSourceLines,edu::umd::cs::findbugs,2,6.0,23.0,false,false,false,
ExcludingHashesBugReporter,edu::umd::cs::findbugs,1,3.0,17.0,false,false,false,
DelegatingBugReporter,edu::umd::cs::findbugs,1,15.0,46.0,false,false,false,
Plugin,edu::umd::cs::findbugs,13,29.0,109.0,false,false,false,
PluginLoader,edu::umd::cs::findbugs,5,15.0,492.0,true,false,false,
SystemProperties,edu::umd::cs::findbugs,6,9.0,82.0,false,false,false,
FindBugsCommandLine,edu::umd::cs::findbugs,3,7.0,71.0,false,false,false,
CommandLine,edu::umd::cs::findbugs::config,9,14.0,182.0,false,false,false,
I18N,edu::umd::cs::findbugs,10,22.0,118.0,false,false,false,
BugPattern,edu::umd::cs::findbugs,12,20.0,94.0,false,false,false,
FindBugsDisplayFeatures,edu::umd::cs::findbugs,1,2.0,6.0,false,false,false,
PackageStats,edu::umd::cs::findbugs,7,18.0,119.0,false,false,false,
ProjectStats,edu::umd::cs::findbugs,14,26.0,254.0,true,false,false,
ClassStats,edu::umd::cs::findbugs,5,12.0,54.0,false,false,false,
RecursiveFileSearch,edu::umd::cs::findbugs,6,5.0,57.0,false,false,false,
ErrorCountingBugReporter,edu::umd::cs::findbugs,4,6.0,37.0,false,false,false,
1,edu::umd::cs::findbugs,0,1.0,3.0,false,false,false,
TypeAnnotation,edu::umd::cs::findbugs,10,13.0,74.0,false,false,false,
ClassAnnotation,edu::umd::cs::findbugs,8,13.0,86.0,false,false,false,
FindBugsMessageFormat,edu::umd::cs::findbugs,1,2.0,60.0,false,false,false,
BugRanker,edu::umd::cs::findbugs,5,9.0,99.0,false,false,false,
Scorer,edu::umd::cs::findbugs,2,3.0,16.0,false,false,false,
NewResults,edu::umd::cs::findbugs,2,3.0,34.0,false,false,false,
DiscoverSourceDirectories,edu::umd::cs::findbugs,7,13.0,267.0,false,false,true,
NoOpErrorLogger,edu::umd::cs::findbugs,0,4.0,6.0,false,false,false,
NoOpProgress,edu::umd::cs::findbugs,0,10.0,18.0,false,false,false,
NonReportingDetectorToDetector2Adapter,edu::umd::cs::findbugs,0,1.0,3.0,false,false,false,
DetectorToDetector2Adapter,edu::umd::cs::findbugs,1,4.0,24.0,false,false,false,
MethodWarningSuppressor,edu::umd::cs::findbugs,1,2.0,15.0,false,false,false,
ClassWarningSuppressor,edu::umd::cs::findbugs,1,3.0,19.0,false,false,false,
WarningSuppressor,edu::umd::cs::findbugs,2,3.0,26.0,false,false,false,
SAXBugCollectionHandler,edu::umd::cs::findbugs,21,19.0,503.0,true,true,false,
NoOpFindBugsProgress,edu::umd::cs::findbugs,0,8.0,16.0,false,false,false,
AnalysisError,edu::umd::cs::findbugs,6,11.0,50.0,false,false,true,
FieldAnnotation,edu::umd::cs::findbugs,13,19.0,162.0,false,false,false,
ShowHelp,edu::umd::cs::findbugs,0,2.0,23.0,false,false,false,
CheckBcel,edu::umd::cs::findbugs,5,3.0,45.0,false,false,false,
L10N,edu::umd::cs::findbugs,5,4.0,38.0,false,false,false,
NoClassesFoundToAnalyzeException,edu::umd::cs::findbugs,1,2.0,9.0,false,false,false,
SwitchHandler,edu::umd::cs::findbugs,1,5.0,47.0,false,false,false,
SwitchDetails,edu::umd::cs::findbugs,4,3.0,35.0,false,false,true,
CallSite,edu::umd::cs::findbugs,2,7.0,29.0,false,false,false,
AnalysisLocal,edu::umd::cs::findbugs,0,5.0,31.0,false,false,false,
FindBugs,edu::umd::cs::findbugs,10,14.0,214.0,false,false,false,
TextUICommandLine,edu::umd::cs::findbugs,34,13.0,438.0,true,false,false,
FindBugs2,edu::umd::cs::findbugs,22,54.0,745.0,true,false,false,
FilterBugReporter,edu::umd::cs::findbugs,3,2.0,12.0,false,false,false,
PackageWarningSuppressor,edu::umd::cs::findbugs,1,3.0,19.0,false,false,false,
IntAnnotation,edu::umd::cs::findbugs,12,13.0,56.0,false,false,false,
CommandLineUiCallback,edu::umd::cs::findbugs,0,9.0,66.0,false,false,false,
Token,edu::umd::cs::findbugs,8,3.0,10.0,false,false,false,
XMLBugReporter,edu::umd::cs::findbugs,0,4.0,20.0,false,false,false,
ProjectPackagePrefixes,edu::umd::cs::findbugs,6,8.0,117.0,false,false,false,
PrefixFilter,edu::umd::cs::findbugs,1,3.0,19.0,false,false,false,
FuzzyBugComparator,edu::umd::cs::findbugs,7,12.0,139.0,false,false,false,
AnalysisCacheToRepositoryAdapter,edu::umd::cs::findbugs,0,7.0,22.0,false,false,false,
FindBugsTestCase,edu::umd::cs::findbugs,1,1.0,15.0,false,false,false,
TestRunnerThread,edu::umd::cs::findbugs,2,6.0,92.0,false,false,false,
JUnitDetectorAdapter,edu::umd::cs::findbugs,4,7.0,36.0,false,false,false,
PrintingBugReporter,edu::umd::cs::findbugs,3,6.0,99.0,false,false,false,
HttpParameterInjection,edu::umd::cs::findbugs,2,1.0,4.0,false,false,false,
JumpInfo,edu::umd::cs::findbugs,3,1.0,5.0,false,false,true,
JumpInfoFactory,edu::umd::cs::findbugs,0,2.0,30.0,false,false,false,
ProgramPoint,edu::umd::cs::findbugs,2,3.0,10.0,false,false,false,
SelfCalls,edu::umd::cs::findbugs,5,9.0,128.0,false,false,false,
CallGraph,edu::umd::cs::findbugs,1,5.0,21.0,false,false,false,
CallGraphNode,edu::umd::cs::findbugs,1,3.0,6.0,false,false,false,
SuppressionMatcher,edu::umd::cs::findbugs,3,6.0,43.0,false,false,false,
SortingBugReporter,edu::umd::cs::findbugs,1,4.0,17.0,false,false,false,
ReflectionDetectorCreator,edu::umd::cs::findbugs,2,4.0,51.0,false,false,false,
JavaVersion,edu::umd::cs::findbugs,6,7.0,32.0,false,false,false,
JavaVersionException,edu::umd::cs::findbugs,1,1.0,3.0,false,false,false,
InstructionScannerDriver,edu::umd::cs::findbugs,3,2.0,38.0,false,false,false,
PluginException,edu::umd::cs::findbugs,1,1.0,3.0,false,false,false,
AddAnnotation,edu::umd::cs::findbugs,2,5.0,42.0,false,false,false,
Error,edu::umd::cs::findbugs,3,6.0,37.0,false,false,false,
ClassScreener,edu::umd::cs::findbugs,5,7.0,58.0,false,false,false,
CategoryFilteringBugReporter,edu::umd::cs::findbugs,2,2.0,13.0,false,false,false,
BugProperty,edu::umd::cs::findbugs,6,10.0,40.0,false,false,false,
BugPropertyIterator,edu::umd::cs::findbugs,3,5.0,28.0,false,false,false,
HTMLBugReporter,edu::umd::cs::findbugs,2,4.0,59.0,false,false,false,
VersionInsensitiveBugComparator,edu::umd::cs::findbugs,3,9.0,166.0,false,false,false,
FilteringAnnotationIterator,edu::umd::cs::findbugs,2,5.0,30.0,false,false,false,
ClassScreenerTest,edu::umd::cs::findbugs,16,7.0,48.0,false,false,false,
CallGraphEdge,edu::umd::cs::findbugs,1,5.0,15.0,false,false,false,
FindBugsAnalysisFeatures,edu::umd::cs::findbugs,4,4.0,12.0,false,false,false,
FieldWarningSuppressor,edu::umd::cs::findbugs,1,2.0,15.0,false,false,false,
XDocsBugReporter,edu::umd::cs::findbugs,12,11.0,131.0,false,false,false,
LaunchAppropriateUI,edu::umd::cs::findbugs,7,4.0,69.0,false,false,false,
QueryBugAnnotations,edu::umd::cs::findbugs,1,3.0,17.0,false,false,false,
QuotedStringMarker,edu::umd::cs::findbugs,0,0.0,0.0,false,false,false,
OpcodeStackItemTest,edu::umd::cs::findbugs,0,1.0,8.0,false,false,false,
StartTime,edu::umd::cs::findbugs,2,0.0,0.0,false,false,false,
BugInstanceTest,edu::umd::cs::findbugs,1,15.0,101.0,false,false,false,
WorkListItem,edu::umd::cs::findbugs,1,2.0,6.0,false,false,false,
WorkList,edu::umd::cs::findbugs,2,6.0,34.0,false,false,false,
FilteringBugAnnotationIterator,edu::umd::cs::findbugs,2,5.0,29.0,false,false,false,
EmacsBugReporter,edu::umd::cs::findbugs,2,7.0,79.0,false,false,false,
Version,edu::umd::cs::findbugs,17,2.0,28.0,false,false,false,
Lookup,edu::umd::cs::findbugs,0,7.0,72.0,false,false,false,
TextUIProgressCallback,edu::umd::cs::findbugs,5,11.0,52.0,false,false,false,
ParameterWarningSuppressor,edu::umd::cs::findbugs,2,2.0,20.0,false,false,false,
BugInstanceComparator,edu::umd::cs::findbugs,1,2.0,11.0,false,false,false,
MultiversionBugInstanceComparator,edu::umd::cs::findbugs,1,1.0,10.0,false,false,false,
AnalysisOptions,edu::umd::cs::findbugs,14,1.0,3.0,false,false,true,
Tokenizer,edu::umd::cs::findbugs,3,6.0,126.0,false,false,false,
DeepSubtypeAnalysis,edu::umd::cs::findbugs,7,6.0,112.0,false,false,false,
SloppyBugComparator,edu::umd::cs::findbugs,3,10.0,100.0,false,false,false,
DesignationKeyComparator,edu::umd::cs::findbugs,1,2.0,30.0,false,false,false,
AddMessages,edu::umd::cs::findbugs,2,6.0,124.0,false,false,false,
PrintingCommandLine,edu::umd::cs::findbugs,0,3.0,47.0,false,false,false,
BugAnnotationUtil,edu::umd::cs::findbugs,0,1.0,21.0,false,false,false,
Analyze,edu::umd::cs::findbugs,6,6.0,115.0,false,false,false,
TestDesktopIntegration,edu::umd::cs::findbugs,6,3.0,176.0,false,false,true,
ConsoleWriter,edu::umd::cs::findbugs,0,3.0,11.0,false,false,false,
UserPreferences,edu::umd::cs::findbugs::config,22,31.0,304.0,false,false,false,
ProjectFilterSettings,edu::umd::cs::findbugs::config,13,22.0,278.0,false,false,false,
SortedProperties,edu::umd::cs::findbugs::config,0,3.0,11.0,false,false,false,
AnalysisFeatureSetting,edu::umd::cs::findbugs::config,2,2.0,7.0,false,false,false,
HelpRequestedException,edu::umd::cs::findbugs::config,0,1.0,0.0,false,false,false,
ProjectFilterSettingsTest,edu::umd::cs::findbugs::config,6,9.0,96.0,false,false,false,
UserPreferencesTest,edu::umd::cs::findbugs::config,1,2.0,9.0,false,false,false,
FieldInfo,edu::umd::cs::findbugs::classfile::analysis,5,27.0,107.0,false,false,false,
FieldDescriptor,edu::umd::cs::findbugs::classfile,0,1.0,3.0,false,false,false,
FieldOrMethodDescriptor,edu::umd::cs::findbugs::classfile,7,11.0,61.0,false,false,false,
Builder,edu::umd::cs::findbugs::classfile::analysis,6,4.0,16.0,false,false,true,
AnnotationValue,edu::umd::cs::findbugs::classfile::analysis,3,6.0,65.0,false,false,false,
1,edu::umd::cs::findbugs::classfile::analysis,0,5.0,20.0,false,false,false,
AnnotationArrayVisitor,edu::umd::cs::findbugs::classfile::analysis,3,6.0,25.0,false,false,false,
ClassNameAndSuperclassInfo,edu::umd::cs::findbugs::classfile::analysis,7,20.0,70.0,false,false,false,
ClassDescriptor,edu::umd::cs::findbugs::classfile,4,19.0,70.0,false,false,false,
ClassInfo,edu::umd::cs::findbugs::classfile::analysis,10,20.0,126.0,false,false,false,
MethodInfo,edu::umd::cs::findbugs::classfile::analysis,10,37.0,156.0,false,false,false,
MethodDescriptor,edu::umd::cs::findbugs::classfile,1,3.0,12.0,false,false,false,
ClassData,edu::umd::cs::findbugs::classfile::analysis,3,5.0,17.0,false,false,true,
EnumValue,edu::umd::cs::findbugs::classfile::analysis,2,4.0,18.0,false,false,false,
ResourceValueFrame,edu::umd::cs::findbugs::ba,8,6.0,25.0,false,false,false,
ClassContext,edu::umd::cs::findbugs::ba,11,58.0,458.0,true,false,false,
DataflowAnalysisException,edu::umd::cs::findbugs::ba,1,1.0,4.0,false,false,false,
CheckedAnalysisException,edu::umd::cs::findbugs::classfile,0,1.0,3.0,false,false,false,
CFGBuilderException,edu::umd::cs::findbugs::ba,1,1.0,3.0,false,false,false,
CFG,edu::umd::cs::findbugs::ba,12,36.0,220.0,true,false,false,
Location,edu::umd::cs::findbugs::ba,3,12.0,58.0,false,false,false,
DepthFirstSearch,edu::umd::cs::findbugs::ba,1,2.0,9.0,false,false,false,
StackDepth,edu::umd::cs::findbugs::ba,1,4.0,17.0,false,false,false,
BasicBlock,edu::umd::cs::findbugs::ba,7,25.0,117.0,false,false,false,
Edge,edu::umd::cs::findbugs::ba,2,17.0,174.0,true,false,false,
Path,edu::umd::cs::findbugs::ba,6,15.0,152.0,false,false,false,
SourceFinder,edu::umd::cs::findbugs::ba,5,9.0,179.0,false,false,false,
Cache,edu::umd::cs::findbugs::ba,1,2.0,3.0,false,false,false,
DirectorySourceRepository,edu::umd::cs::findbugs::ba,1,6.0,21.0,false,false,false,
InMemorySourceRepository,edu::umd::cs::findbugs::ba,1,4.0,49.0,false,false,false,
1,edu::umd::cs::findbugs::ba,0,2.0,7.0,false,false,false,
BlockingSourceRepository,edu::umd::cs::findbugs::ba,2,7.0,28.0,false,false,false,
2,edu::umd::cs::findbugs::ba,0,1.0,24.0,false,false,false,
3,edu::umd::cs::findbugs::ba,0,1.0,22.0,false,false,false,
ZipSourceRepository,edu::umd::cs::findbugs::ba,1,4.0,12.0,false,false,false,
SourceFile,edu::umd::cs::findbugs::ba,5,9.0,73.0,false,false,false,
PostDominatorsAnalysis,edu::umd::cs::findbugs::ba,2,3.0,11.0,false,false,false,
AbstractDominatorsAnalysis,edu::umd::cs::findbugs::ba,2,11.0,60.0,false,false,false,
ReverseDepthFirstSearch,edu::umd::cs::findbugs::ba,1,2.0,9.0,false,false,false,
SignatureParser,edu::umd::cs::findbugs::ba,3,13.0,87.0,false,false,false,
LockAnalysis,edu::umd::cs::findbugs::ba,6,11.0,70.0,false,false,false,
LockSet,edu::umd::cs::findbugs::ba,6,19.0,211.0,false,false,false,
LockChecker,edu::umd::cs::findbugs::ba,5,3.0,36.0,false,false,false,
BackwardDataflowAnalysis,edu::umd::cs::findbugs::ba,2,4.0,14.0,false,false,false,
CompoundMethodChooser,edu::umd::cs::findbugs::ba,1,2.0,10.0,false,false,false,
JavaClassAndMethod,edu::umd::cs::findbugs::ba,2,9.0,43.0,false,false,false,
MissingClassException,edu::umd::cs::findbugs::ba,2,3.0,10.0,false,false,false,
AnnotationDatabase,edu::umd::cs::findbugs::ba,9,17.0,303.0,true,false,false,
InnerClassAccessMap,edu::umd::cs::findbugs::ba,3,7.0,72.0,false,false,false,
InnerClassAccess,edu::umd::cs::findbugs::ba,4,6.0,21.0,false,false,false,
ReversePostOrder,edu::umd::cs::findbugs::ba,0,1.0,3.0,false,false,false,
AbstractBlockOrder,edu::umd::cs::findbugs::ba,1,2.0,20.0,false,false,false,
ReversePostfixComparator,edu::umd::cs::findbugs::ba,1,2.0,6.0,false,false,false,
AssertionMethods,edu::umd::cs::findbugs::ba,3,6.0,117.0,false,false,false,
NullnessAnnotation,edu::umd::cs::findbugs::ba,5,2.0,7.0,false,false,false,
MethodBytecodeSet,edu::umd::cs::findbugs::ba,0,2.0,9.0,false,false,false,
BytecodeScanner,edu::umd::cs::findbugs::ba,2,4.0,323.0,false,false,false,
SignatureConverter,edu::umd::cs::findbugs::ba,1,7.0,103.0,false,false,false,
MethodUnprofitableException,edu::umd::cs::findbugs::ba,2,2.0,11.0,false,false,false,
SimplePathEnumerator,edu::umd::cs::findbugs::ba,8,4.0,55.0,false,false,false,
InstructionHandleMap,edu::umd::cs::findbugs::ba,1,3.0,11.0,false,false,false,
ExceptionHandlerMap,edu::umd::cs::findbugs::ba,2,5.0,53.0,false,false,false,
XMethodParameter,edu::umd::cs::findbugs::ba,2,7.0,26.0,false,false,false,
CFGBuilderFactory,edu::umd::cs::findbugs::ba,0,1.0,3.0,false,false,false,
ClassNotFoundExceptionParser,edu::umd::cs::findbugs::ba,3,1.0,25.0,false,false,false,
AbstractClassMember,edu::umd::cs::findbugs::ba,10,18.0,80.0,false,false,false,
LockDataflow,edu::umd::cs::findbugs::ba,0,1.0,3.0,false,false,false,
CompactLocationNumbering,edu::umd::cs::findbugs::ba,2,5.0,23.0,false,false,false,
AnalysisContext,edu::umd::cs::findbugs::ba,23,55.0,225.0,true,false,false,
InvalidBytecodeException,edu::umd::cs::findbugs::ba,1,1.0,4.0,false,false,false,
PruneInfeasibleExceptionEdges,edu::umd::cs::findbugs::ba,6,3.0,58.0,false,false,false,
PruneUnconditionalExceptionThrowerEdges,edu::umd::cs::findbugs::ba,11,5.0,130.0,false,false,false,
PutfieldScanner,edu::umd::cs::findbugs::ba,0,1.0,7.0,false,false,false,
Scanner,edu::umd::cs::findbugs::ba,4,4.0,23.0,false,false,false,
FieldSummary,edu::umd::cs::findbugs::ba,7,15.0,151.0,false,false,false,
AbstractField,edu::umd::cs::findbugs::ba,0,4.0,16.0,false,false,false,
AnnotationEnumeration,edu::umd::cs::findbugs::ba,2,6.0,21.0,false,false,false,
TargetEnumeratingVisitor,edu::umd::cs::findbugs::ba,7,12.0,69.0,false,false,false,
XFactory,edu::umd::cs::findbugs::ba,8,31.0,219.0,true,false,false,
AssignedFieldMap,edu::umd::cs::findbugs::ba,0,0.0,0.0,false,false,false,
DominatorsAnalysis,edu::umd::cs::findbugs::ba,1,3.0,10.0,false,false,false,
IncompatibleTypes,edu::umd::cs::findbugs::ba,20,8.0,100.0,false,false,false,
ClassSummary,edu::umd::cs::findbugs::ba,2,2.0,8.0,false,false,false,
CheckReturnAnnotationDatabase,edu::umd::cs::findbugs::ba,2,3.0,123.0,false,false,false,
CheckReturnValueAnnotation,edu::umd::cs::findbugs::ba,11,5.0,26.0,false,false,true,
ReturnPathAnalysis,edu::umd::cs::findbugs::ba,0,10.0,39.0,false,false,false,
ReturnPath,edu::umd::cs::findbugs::ba,7,7.0,36.0,false,false,false,
LiveLocalStoreDataflow,edu::umd::cs::findbugs::ba,0,1.0,3.0,false,false,false,
LiveLocalStoreAnalysis,edu::umd::cs::findbugs::ba,2,14.0,104.0,false,false,false,
DataflowCFGPrinter,edu::umd::cs::findbugs::ba,1,6.0,46.0,false,false,false,
CFGPrinter,edu::umd::cs::findbugs::ba,2,9.0,57.0,false,false,false,
LocationIterator,edu::umd::cs::findbugs::ba,4,5.0,34.0,false,false,false,
ReturnPathDataflow,edu::umd::cs::findbugs::ba,0,1.0,3.0,false,false,false,
AnalysisCacheToAnalysisContextAdapter,edu::umd::cs::findbugs::ba,2,24.0,128.0,false,false,false,
DelegatingRepositoryLookupFailureCallback,edu::umd::cs::findbugs::ba,0,4.0,9.0,false,false,false,
AnnotationRetentionDatabase,edu::umd::cs::findbugs::ba,1,3.0,13.0,false,false,false,
JCIPAnnotationDatabase,edu::umd::cs::findbugs::ba,2,8.0,37.0,false,false,false,
SourceInfoMap,edu::umd::cs::findbugs::ba,5,13.0,126.0,false,false,false,
ResourceValue,edu::umd::cs::findbugs::ba,2,6.0,20.0,false,false,false,
MethodHashTest,edu::umd::cs::findbugs::ba,7,8.0,33.0,false,false,false,
SignatureParserTest,edu::umd::cs::findbugs::ba,2,3.0,26.0,false,false,false,
LineNumberMap,edu::umd::cs::findbugs::ba,5,5.0,62.0,false,false,false,
LookupFailure,edu::umd::cs::findbugs::ba,2,2.0,6.0,false,false,false,
InstructionCallback,edu::umd::cs::findbugs::ba,6,5.0,95.0,false,false,false,
ClassHash,edu::umd::cs::findbugs::ba,6,17.0,176.0,false,false,false,
MethodHash,edu::umd::cs::findbugs::ba,5,12.0,81.0,false,false,false,
ReverseDFSOrder,edu::umd::cs::findbugs::ba,2,1.0,5.0,false,false,false,
ReverseDFSComparator,edu::umd::cs::findbugs::ba,2,2.0,9.0,false,false,false,
ZipSourceFileDataSource,edu::umd::cs::findbugs::ba,3,3.0,13.0,false,false,false,
BasicAbstractDataflowAnalysis,edu::umd::cs::findbugs::ba,2,14.0,60.0,false,false,false,
BlockTypeDataflow,edu::umd::cs::findbugs::ba,0,1.0,3.0,false,false,false,
BlockTypeAnalysis,edu::umd::cs::findbugs::ba,1,11.0,49.0,false,false,false,
URLClassPath,edu::umd::cs::findbugs::ba,3,9.0,143.0,false,false,false,
LocalArchiveEntry,edu::umd::cs::findbugs::ba,1,4.0,25.0,false,false,false,
LocalDirectoryEntry,edu::umd::cs::findbugs::ba,1,4.0,17.0,false,false,false,
RemoteArchiveEntry,edu::umd::cs::findbugs::ba,1,4.0,18.0,false,false,false,
RemoteDirectoryEntry,edu::umd::cs::findbugs::ba,1,4.0,17.0,false,false,false,
RepositoryClassParser,edu::umd::cs::findbugs::ba,1,2.0,8.0,false,false,false,
AbstractMethod,edu::umd::cs::findbugs::ba,1,8.0,30.0,false,false,false,
BlockType,edu::umd::cs::findbugs::ba,6,19.0,128.0,false,false,false,
FieldDescriptor,edu::umd::cs::findbugs::ba,2,5.0,22.0,false,false,false,
MethodDescriptor,edu::umd::cs::findbugs::ba,3,5.0,29.0,false,false,false,
SourceLineRange,edu::umd::cs::findbugs::ba,2,4.0,13.0,false,false,false,
AbstractDataflowTestDriver,edu::umd::cs::findbugs::ba,2,3.0,15.0,false,false,false,
Knob,edu::umd::cs::findbugs::ba,2,1.0,4.0,false,false,false,
EqualsKindSummary,edu::umd::cs::findbugs::ba,1,2.0,6.0,false,false,false,
NullnessAnnotationDatabase,edu::umd::cs::findbugs::ba,0,10.0,100.0,true,false,false,
AnalysisException,edu::umd::cs::findbugs::ba,1,1.0,3.0,false,false,false,
UncheckedAnalysisException,edu::umd::cs::findbugs::classfile,0,1.0,3.0,false,false,false,
UnresolvedXField,edu::umd::cs::findbugs::ba,0,9.0,38.0,false,false,false,
Hierarchy,edu::umd::cs::findbugs::ba,9,20.0,252.0,true,false,false,
BetterCFGBuilder2,edu::umd::cs::findbugs::ba,10,9.0,370.0,true,false,false,
WorkListItem,edu::umd::cs::findbugs::ba,2,3.0,10.0,false,false,false,
EscapeTarget,edu::umd::cs::findbugs::ba,2,3.0,10.0,false,false,false,
Subroutine,edu::umd::cs::findbugs::ba,9,22.0,111.0,false,false,false,
Context,edu::umd::cs::findbugs::ba,5,10.0,46.0,false,false,false,
InstructionIterator,edu::umd::cs::findbugs::ba,2,9.0,44.0,false,false,false,
TestCaseDetector,edu::umd::cs::findbugs::ba,2,1.0,16.0,false,false,false,
DebugRepositoryLookupFailureCallback,edu::umd::cs::findbugs::ba,0,3.0,26.0,false,false,false,
LineNumberMapBuilder,edu::umd::cs::findbugs::ba,3,4.0,37.0,false,false,false,
ObjectTypeFactory,edu::umd::cs::findbugs::ba,1,2.0,18.0,false,false,false,
Hierarchy2,edu::umd::cs::findbugs::ba,1,10.0,151.0,false,false,false,
URLClassPathRepository,edu::umd::cs::findbugs::ba,4,10.0,60.0,false,false,false,
UserAssertionMethod,edu::umd::cs::findbugs::ba,2,3.0,10.0,false,false,false,
UnresolvedXMethod,edu::umd::cs::findbugs::ba,0,21.0,78.0,false,false,false,
OpcodeStackScanner,edu::umd::cs::findbugs::ba,0,1.0,9.0,false,false,false,
EarlyExitException,edu::umd::cs::findbugs::ba,1,1.0,4.0,false,false,false,
DefaultNullnessAnnotations,edu::umd::cs::findbugs::ba,0,1.0,124.0,false,false,false,
Parser,edu::umd::cs::findbugs::ba,0,1.0,9.0,false,false,false,
ForwardProgramOrder,edu::umd::cs::findbugs::ba,0,1.0,17.0,false,false,false,
BackwardProgramOrder,edu::umd::cs::findbugs::ba,0,2.0,3.0,false,false,false,
InstructionReverseIterator,edu::umd::cs::findbugs::ba,2,4.0,17.0,false,false,false,
StackDepthAnalysis,edu::umd::cs::findbugs::ba,3,10.0,55.0,false,false,false,
FileSourceFileDataSource,edu::umd::cs::findbugs::ba,1,3.0,9.0,false,false,false,
ParameterSignatureIterator,edu::umd::cs::findbugs::ba,1,4.0,49.0,false,false,false,
MarkedEdge,edu::umd::cs::findbugs::ba,2,2.0,9.0,false,false,false,
DFSCFGPrinter,edu::umd::cs::findbugs::ba,1,2.0,21.0,false,false,false,
InvalidClassFileFormatException,edu::umd::cs::findbugs::classfile,2,4.0,14.0,false,false,false,
ResourceNotFoundException,edu::umd::cs::findbugs::classfile,2,3.0,15.0,false,false,false,
DescriptorFactory,edu::umd::cs::findbugs::classfile,5,20.0,118.0,false,false,false,
MissingClassException,edu::umd::cs::findbugs::classfile,1,2.0,7.0,false,false,false,
ClassNameMismatchException,edu::umd::cs::findbugs::classfile,1,2.0,12.0,false,false,false,
ReflectionDatabaseFactory,edu::umd::cs::findbugs::classfile,1,5.0,64.0,false,false,false,
Global,edu::umd::cs::findbugs::classfile,1,3.0,9.0,false,false,false,
1,edu::umd::cs::findbugs::classfile,0,1.0,3.0,false,false,false,
MergeMap,edu::umd::cs::findbugs::util,1,7.0,35.0,false,false,false,
MaxMap,edu::umd::cs::findbugs::util,0,2.0,6.0,false,false,false,
StringsTest,edu::umd::cs::findbugs::util,2,2.0,20.0,false,false,false,
Strings,edu::umd::cs::findbugs::util,8,8.0,134.0,false,false,false,
ClassName,edu::umd::cs::findbugs::util,0,12.0,100.0,false,false,false,
TopologicalSort,edu::umd::cs::findbugs::util,1,2.0,25.0,false,false,false,
OutEdgesCache,edu::umd::cs::findbugs::util,2,2.0,11.0,false,false,false,
Worker,edu::umd::cs::findbugs::util,4,3.0,20.0,false,false,true,
Worker2,edu::umd::cs::findbugs::util,4,4.0,111.0,false,false,true,
HTML,edu::umd::cs::findbugs::util,0,3.0,19.0,false,false,false,
HTMLtoPlainTextWriter2,edu::umd::cs::findbugs::util,2,8.0,66.0,false,false,false,
ClassNameTest,edu::umd::cs::findbugs::util,0,2.0,16.0,false,false,false,
AnyTypeMatcher,edu::umd::cs::findbugs::util,0,2.0,6.0,false,false,false,
NullIterator,edu::umd::cs::findbugs::util,0,4.0,9.0,false,false,false,
ContainsCamelCaseWordStringMatcher,edu::umd::cs::findbugs::util,1,3.0,11.0,false,false,false,
EditDistance,edu::umd::cs::findbugs::util,0,4.0,39.0,false,false,false,
SubtypeTypeMatcher,edu::umd::cs::findbugs::util,1,3.0,20.0,false,false,false,
ProfilingMapCache,edu::umd::cs::findbugs::util,2,3.0,34.0,false,false,false,
1,edu::umd::cs::findbugs::util,0,1.0,5.0,false,false,false,
TripleKeyHashMap,edu::umd::cs::findbugs::util,1,2.0,13.0,false,false,false,
DecreasingOrderEntryComparator,edu::umd::cs::findbugs::util,0,2.0,3.0,false,false,false,
IncreasingOrderEntryComparator,edu::umd::cs::findbugs::util,0,1.0,3.0,false,false,false,
Archive,edu::umd::cs::findbugs::util,1,1.0,8.0,false,false,false,
ExactStringMatcher,edu::umd::cs::findbugs::util,1,3.0,9.0,false,false,false,
ClassPathUtil,edu::umd::cs::findbugs::util,0,1.0,17.0,false,false,false,
WriteOnceProperties,edu::umd::cs::findbugs::util,2,8.0,51.0,false,false,false,
PropertyReadAt,edu::umd::cs::findbugs::util,1,1.0,0.0,false,false,false,
EntryComparator,edu::umd::cs::findbugs::util,0,2.0,9.0,false,false,false,
LaunchBrowser,edu::umd::cs::findbugs::util,6,9.0,81.0,false,false,false,
Util,edu::umd::cs::findbugs::util,3,21.0,159.0,false,false,false,
RegexStringMatcher,edu::umd::cs::findbugs::util,1,3.0,10.0,false,false,false,
TypeQualifierDataflow,edu::umd::cs::findbugs::ba::jsr305,0,1.0,3.0,false,false,false,
TypeQualifierValue,edu::umd::cs::findbugs::ba::jsr305,9,18.0,166.0,false,false,false,
Data,edu::umd::cs::findbugs::ba::jsr305,2,1.0,0.0,false,false,false,
1,edu::umd::cs::findbugs::ba::jsr305,0,1.0,3.0,false,false,false,
JSR305NullnessAnnotations,edu::umd::cs::findbugs::ba::jsr305,3,0.0,0.0,false,false,false,
TypeQualifierApplications,edu::umd::cs::findbugs::ba::jsr305,6,21.0,446.0,true,false,false,
TypeQualifierAnnotation,edu::umd::cs::findbugs::ba::jsr305,7,10.0,57.0,false,false,false,
ReturnTypeAnnotationAccumulator,edu::umd::cs::findbugs::ba::jsr305,2,4.0,14.0,false,false,false,
AbstractMethodAnnotationAccumulator,edu::umd::cs::findbugs::ba::jsr305,1,6.0,29.0,false,false,false,
OverriddenMethodsVisitor,edu::umd::cs::findbugs::ba::ch,1,5.0,35.0,false,false,false,
ParameterAnnotationAccumulator,edu::umd::cs::findbugs::ba::jsr305,3,4.0,20.0,false,false,false,
ParameterAnnotationLookupResult,edu::umd::cs::findbugs::ba::jsr305,0,2.0,3.0,false,false,false,
TypeQualifierAnnotationLookupResult,edu::umd::cs::findbugs::ba::jsr305,1,5.0,27.0,false,false,false,
TypeQualifierResolver,edu::umd::cs::findbugs::ba::jsr305,5,4.0,77.0,false,false,true,
DirectlyRelevantTypeQualifiersDatabase,edu::umd::cs::findbugs::ba::jsr305,2,4.0,17.0,false,false,false,
ForwardTypeQualifierDataflow,edu::umd::cs::findbugs::ba::jsr305,0,1.0,3.0,false,false,false,
ForwardTypeQualifierDataflowAnalysis,edu::umd::cs::findbugs::ba::jsr305,1,10.0,104.0,false,false,false,
TypeQualifierDataflowAnalysis,edu::umd::cs::findbugs::ba::jsr305,7,15.0,112.0,false,false,false,
BackwardTypeQualifierDataflowAnalysis,edu::umd::cs::findbugs::ba::jsr305,4,13.0,156.0,false,false,false,
TypeQualifierValueSet,edu::umd::cs::findbugs::ba::jsr305,5,28.0,222.0,false,false,false,
SourceSinkInfo,edu::umd::cs::findbugs::ba::jsr305,7,15.0,56.0,false,false,true,
TypeQualifierDatabase,edu::umd::cs::findbugs::ba::jsr305,4,5.0,48.0,false,false,false,
BackwardTypeQualifierDataflowFactory,edu::umd::cs::findbugs::ba::jsr305,0,3.0,54.0,false,false,false,
BackwardTypeQualifierDataflow,edu::umd::cs::findbugs::ba::jsr305,0,1.0,3.0,false,false,false,
ForwardTypeQualifierDataflowFactory,edu::umd::cs::findbugs::ba::jsr305,0,3.0,67.0,false,false,false,
FindBugsDefaultAnnotations,edu::umd::cs::findbugs::ba::jsr305,4,0.0,0.0,false,false,false,
DataflowResult,edu::umd::cs::findbugs::ba::jsr305,3,2.0,9.0,false,false,true,
ReturnTypeAnnotationLookupResult,edu::umd::cs::findbugs::ba::jsr305,0,2.0,3.0,false,false,false,
PartialResult,edu::umd::cs::findbugs::ba::jsr305,2,4.0,13.0,false,false,false,
Analysis,edu::umd::cs::findbugs::ba::jsr305,3,5.0,130.0,false,false,false,
Profiler,edu::umd::cs::findbugs::log,3,7.0,103.0,false,false,false,
Profile,edu::umd::cs::findbugs::log,5,3.0,36.0,false,false,false,
FilterByTime,edu::umd::cs::findbugs::log,1,2.0,10.0,false,false,false,
FilterByTimePerCall,edu::umd::cs::findbugs::log,1,2.0,11.0,false,false,false,
FilterByCalls,edu::umd::cs::findbugs::log,1,2.0,10.0,false,false,false,
Clock,edu::umd::cs::findbugs::log,3,3.0,10.0,false,false,true,
ClassNameComparator,edu::umd::cs::findbugs::log,1,2.0,6.0,false,false,false,
TotalTimeComparator,edu::umd::cs::findbugs::log,0,2.0,14.0,false,false,false,
TimePerCallComparator,edu::umd::cs::findbugs::log,0,2.0,16.0,false,false,false,
TotalCallsComparator,edu::umd::cs::findbugs::log,0,2.0,16.0,false,false,false,
FieldStoreType,edu::umd::cs::findbugs::ba::type,2,5.0,61.0,false,false,false,
TypeDataflow,edu::umd::cs::findbugs::ba::type,0,3.0,26.0,false,false,false,
TypeFrame,edu::umd::cs::findbugs::ba::type,1,15.0,92.0,false,false,false,
ExceptionSetFactory,edu::umd::cs::findbugs::ba::type,3,5.0,22.0,false,false,false,
ThrownException,edu::umd::cs::findbugs::ba::type,2,7.0,26.0,false,false,false,
CachedExceptionSet,edu::umd::cs::findbugs::ba::type,3,5.0,22.0,false,false,false,
ExceptionSet,edu::umd::cs::findbugs::ba::type,7,20.0,155.0,false,false,false,
InstanceOfCheck,edu::umd::cs::findbugs::ba::type,2,3.0,10.0,false,false,true,
FieldStoreTypeDatabase,edu::umd::cs::findbugs::ba::type,1,4.0,34.0,false,false,false,
ThrownExceptionIterator,edu::umd::cs::findbugs::ba::type,2,6.0,32.0,false,false,false,
LongExtraType,edu::umd::cs::findbugs::ba::type,2,4.0,12.0,false,false,false,
NullType,edu::umd::cs::findbugs::ba::type,2,4.0,12.0,false,false,false,
LocationAndFactPair,edu::umd::cs::findbugs::ba::type,2,1.0,4.0,false,false,false,
ExceptionObjectType,edu::umd::cs::findbugs::ba::type,2,7.0,47.0,false,false,false,
TopType,edu::umd::cs::findbugs::ba::type,2,4.0,12.0,false,false,false,
DoubleExtraType,edu::umd::cs::findbugs::ba::type,2,4.0,12.0,false,false,false,
BottomType,edu::umd::cs::findbugs::ba::type,2,4.0,12.0,false,false,false,
ClassVertex,edu::umd::cs::findbugs::ba::ch,7,19.0,67.0,false,false,false,
Subtypes2,edu::umd::cs::findbugs::ba::ch,12,34.0,620.0,true,false,false,
InterproceduralCallGraph,edu::umd::cs::findbugs::ba::ch,1,4.0,13.0,false,false,false,
InterproceduralCallGraphVertex,edu::umd::cs::findbugs::ba::ch,1,3.0,6.0,false,false,false,
InterproceduralCallGraphEdge,edu::umd::cs::findbugs::ba::ch,0,1.0,3.0,false,false,false,
InheritanceGraph,edu::umd::cs::findbugs::ba::ch,0,3.0,9.0,false,false,false,
SupertypeQueryResults,edu::umd::cs::findbugs::ba::ch,2,4.0,17.0,false,false,false,
InheritanceEdge,edu::umd::cs::findbugs::ba::ch,0,1.0,3.0,false,false,false,
SupertypeTraversalPath,edu::umd::cs::findbugs::ba::ch,2,7.0,26.0,false,false,false,
Subtypes2Test,edu::umd::cs::findbugs::ba::ch,26,17.0,250.0,false,false,false,
1,edu::umd::cs::findbugs::ba::ch,0,1.0,5.0,false,false,false,
2,edu::umd::cs::findbugs::ba::ch,0,1.0,5.0,false,false,false,
3,edu::umd::cs::findbugs::ba::ch,0,1.0,7.0,false,false,false,
4,edu::umd::cs::findbugs::ba::ch,0,1.0,5.0,false,false,false,
5,edu::umd::cs::findbugs::ba::ch,0,1.0,6.0,false,false,false,
6,edu::umd::cs::findbugs::ba::ch,0,1.0,5.0,false,false,false,
7,edu::umd::cs::findbugs::ba::ch,0,1.0,5.0,false,false,false,
8,edu::umd::cs::findbugs::ba::ch,0,1.0,7.0,false,false,false,
9,edu::umd::cs::findbugs::ba::ch,0,1.0,5.0,false,false,false,
10,edu::umd::cs::findbugs::ba::ch,0,1.0,7.0,false,false,false,
11,edu::umd::cs::findbugs::ba::ch,0,1.0,11.0,false,false,false,
12,edu::umd::cs::findbugs::ba::ch,0,1.0,9.0,false,false,false,
13,edu::umd::cs::findbugs::ba::ch,0,1.0,17.0,false,false,false,
14,edu::umd::cs::findbugs::ba::ch,0,1.0,10.0,false,false,false,
15,edu::umd::cs::findbugs::ba::ch,0,1.0,8.0,false,false,false,
MayReturnNullPropertyDatabase,edu::umd::cs::findbugs::ba::npe,0,4.0,10.0,false,false,false,
IsNullConditionDecision,edu::umd::cs::findbugs::ba::npe,3,8.0,51.0,false,false,false,
IsNullValue,edu::umd::cs::findbugs::ba::npe,22,42.0,258.0,false,false,false,
IsNullValueDataflow,edu::umd::cs::findbugs::ba::npe,0,2.0,6.0,false,false,false,
IsNullValueFrame,edu::umd::cs::findbugs::ba::npe,3,16.0,176.0,false,false,false,
LocationWhereValueBecomesNull,edu::umd::cs::findbugs::ba::npe,2,7.0,32.0,false,false,false,
IsNullValueFrameModelingVisitor,edu::umd::cs::findbugs::ba::npe,7,24.0,295.0,false,false,false,
ParameterNullnessPropertyDatabase,edu::umd::cs::findbugs::ba::npe,0,2.0,13.0,false,false,false,
ParameterNullnessProperty,edu::umd::cs::findbugs::ba::npe,2,12.0,98.0,false,false,false,
NonNullParamViolation,edu::umd::cs::findbugs::ba::npe,2,3.0,10.0,false,false,false,
PointerUsageRequiringNonNullValue,edu::umd::cs::findbugs::ba::npe,3,10.0,48.0,false,false,false,
1,edu::umd::cs::findbugs::ba::npe,0,2.0,6.0,false,false,false,
2,edu::umd::cs::findbugs::ba::npe,0,2.0,6.0,false,false,false,
3,edu::umd::cs::findbugs::ba::npe,0,1.0,3.0,false,false,false,
4,edu::umd::cs::findbugs::ba::npe,0,2.0,6.0,false,false,false,
5,edu::umd::cs::findbugs::ba::npe,0,2.0,6.0,false,false,false,
IsNullValueAnalysis,edu::umd::cs::findbugs::ba::npe,14,21.0,666.0,true,true,false,
PointerEqualityInfo,edu::umd::cs::findbugs::ba::npe,3,3.0,21.0,false,false,false,
NullDerefAndRedundantComparisonFinder,edu::umd::cs::findbugs::ba::npe,17,16.0,601.0,true,false,false,
NullValueUnconditionalDeref,edu::umd::cs::findbugs::ba::npe,6,7.0,37.0,false,false,false,
RedundantBranch,edu::umd::cs::findbugs::ba::npe,5,3.0,12.0,false,false,true,
IsNullValueTest,edu::umd::cs::findbugs::ba::npe,0,5.0,36.0,false,false,false,
ReturnPathTypeDataflow,edu::umd::cs::findbugs::ba::npe,0,1.0,3.0,false,false,false,
ReturnPathType,edu::umd::cs::findbugs::ba::npe,4,10.0,55.0,false,false,false,
UsagesRequiringNonNullValues,edu::umd::cs::findbugs::ba::npe,1,5.0,32.0,false,false,false,
TypeQualifierNullnessAnnotationDatabase,edu::umd::cs::findbugs::ba::npe,4,11.0,246.0,false,false,false,
ReturnValueNullnessPropertyDatabase,edu::umd::cs::findbugs::ba::npe,0,2.0,7.0,false,false,false,
NonNullParamPropertyTest,edu::umd::cs::findbugs::ba::npe,3,6.0,35.0,false,false,false,
ReturnPathTypeAnalysis,edu::umd::cs::findbugs::ba::npe,3,17.0,73.0,false,false,false,
DerefFinder,edu::umd::cs::findbugs::ba::npe,1,2.0,140.0,false,false,false,
NonNullSpecification,edu::umd::cs::findbugs::ba::npe,3,5.0,28.0,false,false,true,
Pair,edu::umd::cs::findbugs::ba::npe,2,2.0,7.0,false,false,false,
PointerEqualityCheck,edu::umd::cs::findbugs::ba::npe,3,1.0,5.0,false,false,true,
ReturnPathTypeTest,edu::umd::cs::findbugs::ba::npe,3,11.0,61.0,false,false,false,
PropertyDatabaseFormatException,edu::umd::cs::findbugs::ba::interproc,1,1.0,3.0,false,false,false,
FieldPropertyDatabase,edu::umd::cs::findbugs::ba::interproc,0,2.0,31.0,false,false,false,
BCELUtil,edu::umd::cs::findbugs::bcel,2,6.0,30.0,false,false,false,
AnnotationDetector,edu::umd::cs::findbugs::bcel,1,3.0,9.0,false,false,false,
MergeVertices,edu::umd::cs::findbugs::graph,0,2.0,56.0,false,false,false,
SearchTree,edu::umd::cs::findbugs::graph,2,5.0,24.0,false,false,false,
Transpose,edu::umd::cs::findbugs::graph,2,4.0,52.0,false,false,false,
VisitationTimeComparator,edu::umd::cs::findbugs::graph,5,2.0,16.0,false,false,false,
OutgoingEdgeIterator,edu::umd::cs::findbugs::graph,1,4.0,16.0,false,false,false,
IncomingEdgeIterator,edu::umd::cs::findbugs::graph,1,4.0,16.0,false,false,false,
1,edu::umd::cs::findbugs::graph,1,3.0,9.0,false,false,false,
2,edu::umd::cs::findbugs::graph,1,3.0,9.0,false,false,false,
StronglyConnectedComponents,edu::umd::cs::findbugs::graph,2,6.0,84.0,false,false,false,
SCCSetIterator,edu::umd::cs::findbugs::graph,1,4.0,15.0,false,false,false,
Visit,edu::umd::cs::findbugs::graph,2,4.0,18.0,false,false,false,
BugCollectionStorageCloud,edu::umd::cs::findbugs::cloud,0,17.0,73.0,false,false,false,
AbstractCloud,edu::umd::cs::findbugs::cloud,2,32.0,104.0,false,false,false,
CloudFactory,edu::umd::cs::findbugs::cloud,1,2.0,33.0,false,false,false,
null,edu::umd::cs::findbugs::cloud,0,1.0,3.0,false,false,false,
ValueNumber,edu::umd::cs::findbugs::ba::vna,10,11.0,41.0,false,false,true,
ValueNumberFrame,edu::umd::cs::findbugs::ba::vna,11,37.0,405.0,true,false,false,
ValueNumberDataflow,edu::umd::cs::findbugs::ba::vna,0,3.0,22.0,false,false,false,
ValueNumberAnalysis,edu::umd::cs::findbugs::ba::vna,11,23.0,220.0,true,false,false,
AvailableLoad,edu::umd::cs::findbugs::ba::vna,2,8.0,43.0,false,false,false,
ValueNumberCache,edu::umd::cs::findbugs::ba::vna,2,3.0,11.0,false,false,false,
Entry,edu::umd::cs::findbugs::ba::vna,3,4.0,41.0,false,false,false,
ValueNumberFactory,edu::umd::cs::findbugs::ba::vna,2,7.0,49.0,false,false,false,
MergeTree,edu::umd::cs::findbugs::ba::vna,3,4.0,59.0,false,false,false,
ValueNumberFrameModelingVisitor,edu::umd::cs::findbugs::ba::vna,9,29.0,553.0,true,false,false,
LoadedFieldSet,edu::umd::cs::findbugs::ba::vna,3,7.0,32.0,false,false,false,
ValueCompacter,edu::umd::cs::findbugs::ba::vna,3,4.0,21.0,false,false,false,
LoadStoreCount,edu::umd::cs::findbugs::ba::vna,2,3.0,6.0,false,false,true,
1,edu::umd::cs::findbugs::ba::vna,0,1.0,4.0,false,false,false,
ValueNumberSourceInfo,edu::umd::cs::findbugs::ba::vna,0,5.0,60.0,false,false,false,
EngineRegistrar,edu::umd::cs::findbugs::classfile::engine,2,2.0,10.0,false,false,false,
ClassParserUsingASM,edu::umd::cs::findbugs::classfile::engine,5,2.0,9.0,false,false,false,
1,edu::umd::cs::findbugs::classfile::engine,1,9.0,253.0,false,false,false,
AbstractFieldAnnotationVisitor,edu::umd::cs::findbugs::classfile::engine,0,2.0,4.0,false,false,false,
AbstractMethodVisitor,edu::umd::cs::findbugs::classfile::engine,0,23.0,84.0,false,false,false,
ClassParser,edu::umd::cs::findbugs::classfile::engine,6,16.0,197.0,true,false,false,
Constant,edu::umd::cs::findbugs::classfile::engine,2,1.0,4.0,false,false,false,
SelfMethodCalls,edu::umd::cs::findbugs::classfile::engine,1,3.0,38.0,false,false,false,
ClassInfoAnalysisEngine,edu::umd::cs::findbugs::classfile::engine,0,3.0,31.0,false,false,false,
ClassNameAndSuperclassInfoAnalysisEngine,edu::umd::cs::findbugs::classfile::engine,0,3.0,28.0,false,false,false,
ClassParserUsingBCEL,edu::umd::cs::findbugs::classfile::engine,4,4.0,46.0,false,false,false,
ClassDataAnalysisEngine,edu::umd::cs::findbugs::classfile::engine,0,2.0,47.0,false,false,false,
ObligationAnalysis,edu::umd::cs::findbugs::ba::obl,12,18.0,287.0,true,false,false,
ObligationFactory,edu::umd::cs::findbugs::ba::obl,2,11.0,69.0,false,false,false,
ObligationPolicyDatabase,edu::umd::cs::findbugs::ba::obl,4,7.0,42.0,false,false,false,
InstructionActionCache,edu::umd::cs::findbugs::ba::obl,3,5.0,59.0,false,false,false,
StateSet,edu::umd::cs::findbugs::ba::obl,4,21.0,127.0,false,false,false,
ObligationPolicyDatabaseAction,edu::umd::cs::findbugs::ba::obl,3,5.0,31.0,false,false,false,
State,edu::umd::cs::findbugs::ba::obl,2,7.0,36.0,false,false,false,
Obligation,edu::umd::cs::findbugs::ba::obl,4,7.0,25.0,false,false,false,
ObligationSet,edu::umd::cs::findbugs::ba::obl,4,10.0,73.0,false,false,false,
ObligationDataflow,edu::umd::cs::findbugs::ba::obl,0,1.0,3.0,false,false,false,
ObligationAcquiredOrReleasedInLoopException,edu::umd::cs::findbugs::ba::obl,1,2.0,7.0,false,false,false,
NonexistentObligationException,edu::umd::cs::findbugs::ba::obl,1,1.0,3.0,false,false,false,
MatchMethodEntry,edu::umd::cs::findbugs::ba::obl,7,4.0,27.0,false,false,false,
RegenerateClassFeatures,edu::umd::cs::findbugs::model,2,4.0,50.0,false,false,false,
ClassFeatureSet,edu::umd::cs::findbugs::model,13,20.0,195.0,false,false,false,
SimilarClassFinder,edu::umd::cs::findbugs::model,1,4.0,21.0,false,false,false,
SimilarClassSet,edu::umd::cs::findbugs::model,1,5.0,21.0,false,false,false,
MovedClassMap,edu::umd::cs::findbugs::model,4,7.0,75.0,false,false,false,
IdentityClassNameRewriter,edu::umd::cs::findbugs::model,2,2.0,5.0,false,false,false,
ClassNameRewriterUtil,edu::umd::cs::findbugs::model,0,4.0,53.0,false,false,false,
Opcode,edu::umd::cs::findbugs::ba::bcp,1,5.0,20.0,false,false,false,
PatternElement,edu::umd::cs::findbugs::ba::bcp,6,16.0,58.0,false,false,false,
MatchResult,edu::umd::cs::findbugs::ba::bcp,2,3.0,10.0,false,false,false,
BindingSet,edu::umd::cs::findbugs::ba::bcp,2,3.0,22.0,false,false,false,
Binding,edu::umd::cs::findbugs::ba::bcp,2,4.0,18.0,false,false,false,
SingleInstruction,edu::umd::cs::findbugs::ba::bcp,0,3.0,9.0,false,false,false,
Wild,edu::umd::cs::findbugs::ba::bcp,2,6.0,20.0,false,false,false,
LocalVariable,edu::umd::cs::findbugs::ba::bcp,1,3.0,12.0,false,false,false,
Invoke,edu::umd::cs::findbugs::ba::bcp,9,7.0,57.0,false,false,false,
ExactStringMatcher,edu::umd::cs::findbugs::ba::bcp,1,2.0,6.0,false,false,false,
RegexpStringMatcher,edu::umd::cs::findbugs::ba::bcp,1,2.0,6.0,false,false,false,
SubclassMatcher,edu::umd::cs::findbugs::ba::bcp,1,2.0,11.0,false,false,false,
MatchAny,edu::umd::cs::findbugs::ba::bcp,1,7.0,40.0,false,false,false,
ByteCodePattern,edu::umd::cs::findbugs::ba::bcp,5,9.0,46.0,false,false,false,
PatternMatcher,edu::umd::cs::findbugs::ba::bcp,12,5.0,116.0,false,false,false,
ByteCodePatternMatch,edu::umd::cs::findbugs::ba::bcp,3,6.0,33.0,false,false,false,
PatternElementMatch,edu::umd::cs::findbugs::ba::bcp,5,13.0,81.0,false,false,false,
Monitorenter,edu::umd::cs::findbugs::ba::bcp,0,2.0,15.0,false,false,false,
OneVariableInstruction,edu::umd::cs::findbugs::ba::bcp,1,2.0,9.0,false,false,false,
Store,edu::umd::cs::findbugs::ba::bcp,0,2.0,27.0,false,false,false,
FieldAccess,edu::umd::cs::findbugs::ba::bcp,2,4.0,32.0,false,false,false,
FieldVariable,edu::umd::cs::findbugs::ba::bcp,4,7.0,36.0,false,false,false,
IfNull,edu::umd::cs::findbugs::ba::bcp,0,3.0,19.0,false,false,false,
LongOrDoubleLocalVariable,edu::umd::cs::findbugs::ba::bcp,2,2.0,11.0,false,false,false,
Load,edu::umd::cs::findbugs::ba::bcp,0,2.0,24.0,false,false,false,
New,edu::umd::cs::findbugs::ba::bcp,0,2.0,12.0,false,false,false,
State,edu::umd::cs::findbugs::ba::bcp,9,17.0,151.0,false,false,false,
Dom4JXMLOutput,edu::umd::cs::findbugs::xml,1,14.0,67.0,false,false,false,
QuoteMetaCharacters,edu::umd::cs::findbugs::xml,2,4.0,28.0,false,false,false,
MetaCharacterMap,edu::umd::cs::findbugs::xml,2,4.0,14.0,false,false,false,
XMLAttributeList,edu::umd::cs::findbugs::xml,1,6.0,33.0,false,false,false,
NameValuePair,edu::umd::cs::findbugs::xml,2,3.0,10.0,false,false,false,
OutputStreamXMLOutput,edu::umd::cs::findbugs::xml,5,14.0,83.0,false,false,false,
XMLOutputUtil,edu::umd::cs::findbugs::xml,0,3.0,19.0,false,false,false,
XPathFind,edu::umd::cs::findbugs::xml,1,4.0,43.0,false,false,false,
1,edu::umd::cs::findbugs::xml,0,1.0,16.0,false,false,false,
TestNullnessValue,edu::umd::cs::findbugs::ba::npe2,1,3.0,9.0,false,false,false,
NullnessValue,edu::umd::cs::findbugs::ba::npe2,7,14.0,62.0,false,false,false,
Decision,edu::umd::cs::findbugs::ba::npe2,2,3.0,10.0,false,false,false,
TestDefinitelyNullSet,edu::umd::cs::findbugs::ba::npe2,1,2.0,6.0,false,false,false,
DefinitelyNullSet,edu::umd::cs::findbugs::ba::npe2,2,22.0,126.0,false,false,false,
DefinitelyNullSetAnalysis,edu::umd::cs::findbugs::ba::npe2,5,14.0,133.0,false,false,false,
Condition,edu::umd::cs::findbugs::ba::npe2,1,5.0,6.0,false,false,false,
AcmpCondition,edu::umd::cs::findbugs::ba::npe2,0,4.0,44.0,false,false,false,
IfNullCondition,edu::umd::cs::findbugs::ba::npe2,3,4.0,46.0,false,false,false,
DefinitelyNullSetDataflow,edu::umd::cs::findbugs::ba::npe2,0,1.0,3.0,false,false,false,
GeneralWarningProperty,edu::umd::cs::findbugs::props,10,1.0,3.0,false,false,false,
PriorityAdjustment,edu::umd::cs::findbugs::props,12,2.0,6.0,false,false,false,
WarningPropertySet,edu::umd::cs::findbugs::props,1,12.0,127.0,false,false,false,
WarningPropertyUtil,edu::umd::cs::findbugs::props,1,5.0,73.0,false,false,false,
TypeDataflowFactory,edu::umd::cs::findbugs::classfile::engine::bcel,0,2.0,37.0,false,false,false,
NonImplicitExceptionPostDominatorsAnalysis,edu::umd::cs::findbugs::classfile::engine::bcel,0,1.0,8.0,false,false,false,
1,edu::umd::cs::findbugs::classfile::engine::bcel,0,1.0,4.0,false,false,false,
LockCheckerFactory,edu::umd::cs::findbugs::classfile::engine::bcel,0,2.0,9.0,false,false,false,
ClassContextClassAnalysisEngine,edu::umd::cs::findbugs::classfile::engine::bcel,0,2.0,9.0,false,false,false,
MethodBytecodeSetFactory,edu::umd::cs::findbugs::classfile::engine::bcel,0,3.0,30.0,false,false,false,
UnpackedBytecodeCallback,edu::umd::cs::findbugs::classfile::engine::bcel,2,3.0,11.0,false,false,false,
UnpackedCode,edu::umd::cs::findbugs::classfile::engine::bcel,2,3.0,10.0,false,false,false,
ExceptionSetFactoryFactory,edu::umd::cs::findbugs::classfile::engine::bcel,0,2.0,6.0,false,false,false,
ParameterSignatureListFactory,edu::umd::cs::findbugs::classfile::engine::bcel,0,2.0,12.0,false,false,false,
CFGFactory,edu::umd::cs::findbugs::classfile::engine::bcel,1,3.0,172.0,false,false,false,
JavaClassAnalysisEngine,edu::umd::cs::findbugs::classfile::engine::bcel,2,3.0,35.0,false,false,false,
DominatorsAnalysisFactory,edu::umd::cs::findbugs::classfile::engine::bcel,0,2.0,12.0,false,false,false,
NonImplicitExceptionPostDominatorsAnalysisFactory,edu::umd::cs::findbugs::classfile::engine::bcel,0,2.0,15.0,false,false,false,
LiveLocalStoreDataflowFactory,edu::umd::cs::findbugs::classfile::engine::bcel,0,2.0,24.0,false,false,false,
NonExceptionPostdominatorsAnalysis,edu::umd::cs::findbugs::classfile::engine::bcel,0,1.0,3.0,false,false,false,
CallListDataflowFactory,edu::umd::cs::findbugs::classfile::engine::bcel,0,2.0,15.0,false,false,false,
LockDataflowFactory,edu::umd::cs::findbugs::classfile::engine::bcel,0,2.0,18.0,false,false,false,
ReturnPathTypeDataflowFactory,edu::umd::cs::findbugs::classfile::engine::bcel,0,2.0,14.0,false,false,false,
ObligationDataflowFactory,edu::umd::cs::findbugs::classfile::engine::bcel,1,2.0,37.0,false,false,false,
DefinitelyNullSetDataflowFactory,edu::umd::cs::findbugs::classfile::engine::bcel,0,2.0,16.0,false,false,false,
ForwardTypeQualifierDataflowFactoryFactory,edu::umd::cs::findbugs::classfile::engine::bcel,0,2.0,7.0,false,false,false,
MethodFactory,edu::umd::cs::findbugs::classfile::engine::bcel,0,3.0,27.0,false,false,false,
AssignedFieldMapFactory,edu::umd::cs::findbugs::classfile::engine::bcel,0,2.0,13.0,false,false,false,
ValueNumberDataflowFactory,edu::umd::cs::findbugs::classfile::engine::bcel,0,2.0,34.0,false,false,false,
UsagesRequiringNonNullValuesFactory,edu::umd::cs::findbugs::classfile::engine::bcel,0,2.0,9.0,false,false,false,
DepthFirstSearchFactory,edu::umd::cs::findbugs::classfile::engine::bcel,0,2.0,9.0,false,false,false,
NonExceptionPostdominatorsAnalysisFactory,edu::umd::cs::findbugs::classfile::engine::bcel,0,2.0,12.0,false,false,false,
StoreDataflowFactory,edu::umd::cs::findbugs::classfile::engine::bcel,0,2.0,15.0,false,false,false,
LoadedFieldSetFactory,edu::umd::cs::findbugs::classfile::engine::bcel,1,2.0,50.0,false,false,false,
ConstantDataflowFactory,edu::umd::cs::findbugs::classfile::engine::bcel,0,2.0,15.0,false,false,false,
EngineRegistrar,edu::umd::cs::findbugs::classfile::engine::bcel,3,2.0,17.0,false,false,false,
BackwardTypeQualifierDataflowFactoryFactory,edu::umd::cs::findbugs::classfile::engine::bcel,0,2.0,6.0,false,false,false,
ConstantPoolGenFactory,edu::umd::cs::findbugs::classfile::engine::bcel,0,2.0,7.0,false,false,false,
IsNullValueDataflowFactory,edu::umd::cs::findbugs::classfile::engine::bcel,0,2.0,30.0,false,false,false,
MethodGenFactory,edu::umd::cs::findbugs::classfile::engine::bcel,0,2.0,34.0,false,false,false,
LoadDataflowFactory,edu::umd::cs::findbugs::classfile::engine::bcel,0,2.0,15.0,false,false,false,
ReverseDepthFirstSearchFactory,edu::umd::cs::findbugs::classfile::engine::bcel,0,2.0,9.0,false,false,false,
BlockTypeAnalysisFactory,edu::umd::cs::findbugs::classfile::engine::bcel,0,2.0,11.0,false,false,false,
UnpackedCodeFactory,edu::umd::cs::findbugs::classfile::engine::bcel,0,2.0,21.0,false,false,false,
UnconditionalValueDerefDataflowFactory,edu::umd::cs::findbugs::classfile::engine::bcel,0,2.0,44.0,false,false,false,
ReturnPathDataflowFactory,edu::umd::cs::findbugs::classfile::engine::bcel,0,2.0,11.0,false,false,false,
AssertionMethodsFactory,edu::umd::cs::findbugs::classfile::engine::bcel,0,2.0,7.0,false,false,false,
CompactLocationNumberingFactory,edu::umd::cs::findbugs::classfile::engine::bcel,0,2.0,13.0,false,false,false,
IO,edu::umd::cs::findbugs::io,2,4.0,44.0,false,false,false,
1,edu::umd::cs::findbugs::io,0,1.0,3.0,false,false,false,
2,edu::umd::cs::findbugs::io,0,1.0,3.0,false,false,false,
SlowInputStream,edu::umd::cs::findbugs::io,3,5.0,34.0,false,false,false,
NoWrapBoxView,edu::umd::cs::findbugs::sourceViewer,0,3.0,9.0,false,false,false,
JavaScanner,edu::umd::cs::findbugs::sourceViewer,12,6.0,94.0,false,false,false,
HighlightInformation,edu::umd::cs::findbugs::sourceViewer,2,5.0,18.0,false,false,false,
DocumentCharacterIterator,edu::umd::cs::findbugs::sourceViewer,4,11.0,52.0,false,false,false,
NumberedParagraphView,edu::umd::cs::findbugs::sourceViewer,3,4.0,64.0,false,false,false,
NumberedViewFactory,edu::umd::cs::findbugs::sourceViewer,1,2.0,28.0,false,false,false,
NavigableTextPane,edu::umd::cs::findbugs::sourceViewer,0,10.0,97.0,false,false,false,
JavaSourceDocument,edu::umd::cs::findbugs::sourceViewer,17,6.0,81.0,false,false,true,
NumberedEditorKit,edu::umd::cs::findbugs::sourceViewer,1,2.0,6.0,false,false,false,
1,edu::umd::cs::findbugs::sourceViewer,0,1.0,3.0,false,false,false,
DistanceComparator,edu::umd::cs::findbugs::sourceViewer,1,2.0,6.0,false,false,false,
JAIFSyntaxException,edu::umd::cs::findbugs::jaif,0,1.0,3.0,false,false,false,
JAIFParser,edu::umd::cs::findbugs::jaif,2,18.0,326.0,false,false,false,
JAIFScanner,edu::umd::cs::findbugs::jaif,24,8.0,75.0,false,false,false,
TokenPattern,edu::umd::cs::findbugs::jaif,2,3.0,10.0,false,false,false,
JAIFToken,edu::umd::cs::findbugs::jaif,3,3.0,16.0,false,false,false,
JAIFScannerTest,edu::umd::cs::findbugs::jaif,0,13.0,105.0,false,false,false,
1,edu::umd::cs::findbugs::jaif,0,8.0,21.0,false,false,false,
JAIFEnumConstant,edu::umd::cs::findbugs::jaif,1,3.0,9.0,false,false,false,
DesignationMatcher,edu::umd::cs::findbugs::filter,1,7.0,28.0,false,false,false,
StringSetMatch,edu::umd::cs::findbugs::filter,1,6.0,28.0,false,false,false,
MemberMatcher,edu::umd::cs::findbugs::filter,2,4.0,39.0,false,false,false,
NameMatch,edu::umd::cs::findbugs::filter,3,8.0,44.0,false,false,false,
Filter,edu::umd::cs::findbugs::filter,2,21.0,274.0,false,false,false,
OrMatcher,edu::umd::cs::findbugs::filter,0,4.0,24.0,false,false,false,
CompoundMatcher,edu::umd::cs::findbugs::filter,1,10.0,42.0,false,false,false,
AndMatcher,edu::umd::cs::findbugs::filter,1,5.0,30.0,false,false,false,
FilterException,edu::umd::cs::findbugs::filter,1,1.0,3.0,false,false,false,
LocalMatcher,edu::umd::cs::findbugs::filter,1,4.0,21.0,false,false,false,
FieldMatcher,edu::umd::cs::findbugs::filter,0,4.0,23.0,false,false,false,
BugMatcher,edu::umd::cs::findbugs::filter,4,7.0,47.0,false,false,false,
MethodMatcher,edu::umd::cs::findbugs::filter,0,4.0,21.0,false,false,false,
VersionMatcher,edu::umd::cs::findbugs::filter,2,3.0,13.0,false,false,false,
RelationalOp,edu::umd::cs::findbugs::filter,9,6.0,20.0,false,false,true,
SignatureUtil,edu::umd::cs::findbugs::filter,0,4.0,54.0,false,false,false,
LastVersionMatcher,edu::umd::cs::findbugs::filter,1,4.0,16.0,false,false,false,
1,edu::umd::cs::findbugs::filter,0,1.0,3.0,false,false,false,
2,edu::umd::cs::findbugs::filter,0,1.0,3.0,false,false,false,
3,edu::umd::cs::findbugs::filter,0,1.0,3.0,false,false,false,
4,edu::umd::cs::findbugs::filter,0,1.0,3.0,false,false,false,
5,edu::umd::cs::findbugs::filter,0,1.0,3.0,false,false,false,
6,edu::umd::cs::findbugs::filter,0,1.0,3.0,false,false,false,
ClassMatcher,edu::umd::cs::findbugs::filter,2,4.0,18.0,false,false,false,
PriorityMatcher,edu::umd::cs::findbugs::filter,1,6.0,22.0,false,false,false,
FirstVersionMatcher,edu::umd::cs::findbugs::filter,0,4.0,14.0,false,false,false,
AnnotatedString,edu::umd::cs::findbugs::gui,2,6.0,74.0,false,false,false,
BugCellRenderer,edu::umd::cs::findbugs::gui,10,5.0,76.0,false,false,false,
BugInstanceGroup,edu::umd::cs::findbugs::gui,3,5.0,22.0,false,false,false,
ConfigureDetectorsDialog,edu::umd::cs::findbugs::gui,13,11.0,261.0,false,false,false,
1,edu::umd::cs::findbugs::gui,0,2.0,6.0,false,false,false,
2,edu::umd::cs::findbugs::gui,3,2.0,6.0,false,false,true,
DefaultSortedTableModel,edu::umd::cs::findbugs::gui,11,19.0,143.0,false,false,false,
3,edu::umd::cs::findbugs::gui,0,1.0,3.0,false,false,false,
4,edu::umd::cs::findbugs::gui,0,1.0,3.0,false,false,false,
5,edu::umd::cs::findbugs::gui,0,1.0,3.0,false,false,false,
6,edu::umd::cs::findbugs::gui,0,1.0,10.0,false,false,false,
LineNumberer,edu::umd::cs::findbugs::gui,4,4.0,42.0,false,false,false,
RunAnalysisDialog,edu::umd::cs::findbugs::gui,17,10.0,209.0,false,false,false,
RunAnalysisProgress,edu::umd::cs::findbugs::gui,2,12.0,61.0,false,false,false,
AnalysisRun,edu::umd::cs::findbugs::gui,8,12.0,80.0,false,false,false,
AboutDialog,edu::umd::cs::findbugs::gui,11,6.0,157.0,false,false,false,
AnalysisErrorDialog,edu::umd::cs::findbugs::gui,13,11.0,160.0,false,false,false,
FindBugsFrame,edu::umd::cs::findbugs::gui,154,116.0,2856.0,true,true,false,
SwingGUIBugReporter,edu::umd::cs::findbugs::gui,4,12.0,49.0,false,false,false,
BaseTableModelListener,edu::umd::cs::findbugs::gui,0,2.0,3.0,false,false,false,
HeaderListener,edu::umd::cs::findbugs::gui,0,2.0,13.0,false,false,false,
Grouper,edu::umd::cs::findbugs::gui,1,2.0,19.0,false,false,false,
BugTreeNode,edu::umd::cs::findbugs::gui,2,3.0,27.0,false,false,false,
BugInstanceClassComparator,edu::umd::cs::findbugs::gui,0,1.0,3.0,false,false,false,
BugInstancePackageComparator,edu::umd::cs::findbugs::gui,1,1.0,3.0,false,false,false,
BugInstanceTypeComparator,edu::umd::cs::findbugs::gui,1,1.0,5.0,false,false,false,
BugInstanceCategoryComparator,edu::umd::cs::findbugs::gui,1,2.0,13.0,false,false,false,
BugInstanceByClassComparator,edu::umd::cs::findbugs::gui,1,1.0,6.0,false,false,false,
BugInstanceByPackageComparator,edu::umd::cs::findbugs::gui,0,1.0,6.0,false,false,false,
BugInstanceByTypeComparator,edu::umd::cs::findbugs::gui,1,1.0,6.0,false,false,false,
BugInstanceByCategoryComparator,edu::umd::cs::findbugs::gui,1,1.0,6.0,false,false,false,
ProjectFileFilter,edu::umd::cs::findbugs::gui,0,2.0,6.0,false,false,false,
AuxClasspathEntryFileFilter,edu::umd::cs::findbugs::gui,0,2.0,6.0,false,false,false,
XMLFileFilter,edu::umd::cs::findbugs::gui,0,2.0,6.0,false,false,false,
ArchiveAndDirectoryFilter,edu::umd::cs::findbugs::gui,0,2.0,14.0,false,false,false,
SwingCommandLine,edu::umd::cs::findbugs::gui,2,5.0,64.0,false,false,true,
ConsoleLogger,edu::umd::cs::findbugs::gui,1,2.0,21.0,false,false,false,
OSXAdapter,edu::umd::cs::findbugs::gui,3,6.0,67.0,false,false,false,
NewFilterFrame,edu::umd::cs::findbugs::gui2,2,4.0,161.0,false,false,false,
FBDialog,edu::umd::cs::findbugs::gui2,0,4.0,23.0,false,false,false,
1,edu::umd::cs::findbugs::gui2,0,1.0,3.0,false,false,false,
2,edu::umd::cs::findbugs::gui2,1,1.0,9.0,false,false,false,
3,edu::umd::cs::findbugs::gui2,0,1.0,7.0,false,false,false,
4,edu::umd::cs::findbugs::gui2,0,1.0,15.0,false,false,false,
5,edu::umd::cs::findbugs::gui2,0,1.0,3.0,false,false,false,
6,edu::umd::cs::findbugs::gui2,0,1.0,20.0,false,false,false,
FilterMatcher,edu::umd::cs::findbugs::gui2,5,11.0,74.0,false,false,false,
7,edu::umd::cs::findbugs::gui2,0,1.0,3.0,false,false,false,
BugRenderer,edu::umd::cs::findbugs::gui2,0,2.0,37.0,false,false,false,
AboutDialog,edu::umd::cs::findbugs::gui2,11,6.0,156.0,false,false,false,
NewProjectWizard,edu::umd::cs::findbugs::gui2,17,6.0,339.0,false,false,false,
FBFileChooser,edu::umd::cs::findbugs::gui2,0,8.0,68.0,false,false,false,
SourceDirectoryWizard,edu::umd::cs::findbugs::gui2,31,7.0,302.0,false,false,false,
PropertiesDialog,edu::umd::cs::findbugs::gui2,3,2.0,66.0,false,false,false,
OSXAdapter,edu::umd::cs::findbugs::gui2,3,6.0,64.0,false,false,false,
MainFrame,edu::umd::cs::findbugs::gui2,68,119.0,2263.0,true,true,false,
FBFrame,edu::umd::cs::findbugs::gui2,0,3.0,23.0,false,false,false,
ClearGuiSaveState,edu::umd::cs::findbugs::gui2,0,1.0,4.0,false,false,false,
OriginalGUI2ProjectFile,edu::umd::cs::findbugs::gui2,0,3.0,7.0,false,false,false,
BugAspects,edu::umd::cs::findbugs::gui2,3,13.0,54.0,false,false,false,
SortableValue,edu::umd::cs::findbugs::gui2,2,4.0,16.0,false,false,false,
SortableStringComparator,edu::umd::cs::findbugs::gui2,1,2.0,6.0,false,false,false,
BugSaver,edu::umd::cs::findbugs::gui2,1,2.0,11.0,false,false,false,
FindBugsFilterFileFilter,edu::umd::cs::findbugs::gui2,1,2.0,6.0,false,false,false,
GUISaveState,edu::umd::cs::findbugs::gui2,37,33.0,252.0,true,false,false,
SorterTableColumnModel,edu::umd::cs::findbugs::gui2,7,30.0,241.0,false,false,false,
SuppressionMatcher,edu::umd::cs::findbugs::gui2,1,3.0,11.0,false,false,false,
FilterActivity,edu::umd::cs::findbugs::gui2,1,3.0,24.0,false,false,false,
BugLoader,edu::umd::cs::findbugs::gui2,0,9.0,145.0,false,false,false,
BugSet,edu::umd::cs::findbugs::gui2,7,23.0,150.0,false,false,false,
FindBugsAnalysisFileFilter,edu::umd::cs::findbugs::gui2,1,4.0,12.0,false,false,false,
FindBugsFileFilter,edu::umd::cs::findbugs::gui2,0,1.0,0.0,false,false,false,
RedoAnalysisCallback,edu::umd::cs::findbugs::gui2,2,4.0,10.0,false,false,false,
BugLeafNode,edu::umd::cs::findbugs::gui2,1,6.0,30.0,false,false,false,
StackedFilterMatcher,edu::umd::cs::findbugs::gui2,2,10.0,133.0,false,false,false,
CheckBoxList,edu::umd::cs::findbugs::gui2,1,2.0,10.0,false,false,false,
CellRenderer,edu::umd::cs::findbugs::gui2,0,2.0,11.0,false,false,false,
PreferencesFrame,edu::umd::cs::findbugs::gui2,17,12.0,319.0,false,false,true,
BugTreeModel,edu::umd::cs::findbugs::gui2,12,41.0,505.0,true,false,false,
MatchBox,edu::umd::cs::findbugs::gui2,1,2.0,5.0,false,false,false,
UneditableTableModel,edu::umd::cs::findbugs::gui2,0,2.0,6.0,false,false,false,
FilterCheckBoxListener,edu::umd::cs::findbugs::gui2,1,2.0,9.0,false,false,false,
NewFilterFromBug,edu::umd::cs::findbugs::gui2,2,2.0,61.0,false,false,false,
CommentsArea,edu::umd::cs::findbugs::gui2,14,35.0,660.0,true,false,false,
FindBugsLayoutManagerFactory,edu::umd::cs::findbugs::gui2,1,2.0,13.0,false,false,false,
RecentMenu,edu::umd::cs::findbugs::gui2,2,3.0,32.0,false,false,false,
SourceCodeDisplay,edu::umd::cs::findbugs::gui2,12,14.0,238.0,false,false,false,
InitializeGUI,edu::umd::cs::findbugs::gui2,0,2.0,113.0,false,false,false,
ProjectSelector,edu::umd::cs::findbugs::gui2,3,2.0,8.0,false,false,true,
ViewFilter,edu::umd::cs::findbugs::gui2,13,19.0,98.0,false,false,false,
BugSummaryMouseListener,edu::umd::cs::findbugs::gui2,3,4.0,16.0,false,false,false,
CutAction,edu::umd::cs::findbugs::gui2,0,2.0,11.0,false,false,false,
CopyAction,edu::umd::cs::findbugs::gui2,0,2.0,11.0,false,false,false,
PasteAction,edu::umd::cs::findbugs::gui2,0,2.0,11.0,false,false,false,
ShownBugsIterator,edu::umd::cs::findbugs::gui2,3,4.0,26.0,false,false,false,
SpringUtilities,edu::umd::cs::findbugs::gui2,0,4.0,136.0,false,false,false,
FindBugsProjectFileFilter,edu::umd::cs::findbugs::gui2,1,3.0,12.0,false,false,false,
SorterDialog,edu::umd::cs::findbugs::gui2,5,7.0,98.0,false,false,false,
CheckBoxChangedListener,edu::umd::cs::findbugs::gui2,1,2.0,6.0,false,false,false,
FilterFactory,edu::umd::cs::findbugs::gui2,0,3.0,38.0,false,false,false,
DockLayout,edu::umd::cs::findbugs::gui2,8,7.0,100.0,false,false,false,
DockParentListener,edu::umd::cs::findbugs::gui2,0,2.0,8.0,false,false,false,
ViewMenuItem,edu::umd::cs::findbugs::gui2,1,2.0,12.0,false,false,false,
FindBugsFBPFileFilter,edu::umd::cs::findbugs::gui2,1,4.0,10.0,false,false,false,
null,edu::umd::cs::findbugs::gui2,0,1.0,4.0,false,false,false,
HelpDialog,edu::umd::cs::findbugs::gui2,0,1.0,3.0,false,false,false,
MyFilterListener,edu::umd::cs::findbugs::gui2,0,3.0,130.0,false,false,false,
BranchOperationException,edu::umd::cs::findbugs::gui2,0,1.0,3.0,false,false,false,
DeadBugFilter,edu::umd::cs::findbugs::gui2,0,3.0,9.0,false,false,false,
ProjectSettings,edu::umd::cs::findbugs::gui2,5,11.0,149.0,false,false,false,
CompoundMatcher,edu::umd::cs::findbugs::gui2,1,3.0,9.0,false,false,false,
SplitLayout,edu::umd::cs::findbugs::gui2,7,9.0,72.0,false,false,false,
Driver,edu::umd::cs::findbugs::gui2,4,6.0,99.0,false,false,false,
GUI2CommandLine,edu::umd::cs::findbugs::gui2,5,10.0,86.0,false,false,true,
SplashFrame,edu::umd::cs::findbugs::gui2,1,3.0,46.0,false,false,false,
LimitedArrayList,edu::umd::cs::findbugs::gui2,1,2.0,19.0,false,false,false,
Viewer,edu::umd::cs::findbugs::gui2,10,5.0,89.0,false,false,false,
FBTableCellRenderer,edu::umd::cs::findbugs::gui2,1,2.0,25.0,false,false,false,
Util,edu::umd::cs::findbugs::gui2,0,1.0,16.0,false,false,false,
Debug,edu::umd::cs::findbugs::gui2,0,3.0,11.0,false,false,false,
FindBugsFBAFileFilter,edu::umd::cs::findbugs::gui2,1,4.0,10.0,false,false,false,
DisplayNonmodelMessage,edu::umd::cs::findbugs::gui2,7,3.0,55.0,false,false,true,
AnalyzingDialog,edu::umd::cs::findbugs::gui2,11,13.0,115.0,false,false,false,
AnalysisThread,edu::umd::cs::findbugs::gui2,0,3.0,48.0,false,false,false,
AnalysisCache,edu::umd::cs::findbugs::classfile::impl,13,21.0,264.0,true,false,false,
AbnormalAnalysisResult,edu::umd::cs::findbugs::classfile::impl,3,2.0,18.0,false,false,true,
ZipInputStreamCodeBase,edu::umd::cs::findbugs::classfile::impl,4,7.0,108.0,false,false,false,
AbstractScannableCodeBase,edu::umd::cs::findbugs::classfile::impl,5,11.0,40.0,false,false,false,
ZipInputStreamCodeBaseEntry,edu::umd::cs::findbugs::classfile::impl,3,10.0,37.0,false,false,false,
AbstractScannableCodeBaseEntry,edu::umd::cs::findbugs::classfile::impl,0,4.0,6.0,false,false,false,
MyIterator,edu::umd::cs::findbugs::classfile::impl,2,4.0,34.0,false,false,false,
ClassPathImpl,edu::umd::cs::findbugs::classfile::impl,3,9.0,83.0,false,false,false,
SingleFileCodeBaseEntry,edu::umd::cs::findbugs::classfile::impl,2,10.0,35.0,false,false,false,
SingleFileCodeBase,edu::umd::cs::findbugs::classfile::impl,7,18.0,120.0,false,false,false,
ZipCodeBaseFactory,edu::umd::cs::findbugs::classfile::impl,0,3.0,45.0,false,false,false,
DelegatingCodeBaseIterator,edu::umd::cs::findbugs::classfile::impl,2,3.0,11.0,false,false,false,
FilesystemCodeBaseLocator,edu::umd::cs::findbugs::classfile::impl,1,7.0,36.0,false,false,false,
DelegatingCodeBaseEntry,edu::umd::cs::findbugs::classfile::impl,2,10.0,36.0,false,false,false,
ClassPathBuilder,edu::umd::cs::findbugs::classfile::impl,10,22.0,490.0,true,false,false,
WorkListItem,edu::umd::cs::findbugs::classfile::impl,3,5.0,17.0,false,false,false,
DiscoveredCodeBase,edu::umd::cs::findbugs::classfile::impl,2,5.0,26.0,false,false,false,
1,edu::umd::cs::findbugs::classfile::impl,0,2.0,4.0,false,false,false,
2,edu::umd::cs::findbugs::classfile::impl,0,1.0,5.0,false,false,false,
ClassFactory,edu::umd::cs::findbugs::classfile::impl,1,9.0,45.0,false,false,false,
NestedZipFileCodeBaseLocator,edu::umd::cs::findbugs::classfile::impl,2,8.0,31.0,false,false,false,
NestedZipFileCodeBase,edu::umd::cs::findbugs::classfile::impl,4,5.0,54.0,false,false,false,
ZipFileCodeBaseEntry,edu::umd::cs::findbugs::classfile::impl,2,9.0,33.0,false,false,false,
ZipFileCodeBase,edu::umd::cs::findbugs::classfile::impl,1,6.0,92.0,false,false,false,
DirectoryCodeBaseEntry,edu::umd::cs::findbugs::classfile::impl,2,9.0,39.0,false,false,false,
DirectoryCodeBase,edu::umd::cs::findbugs::classfile::impl,3,9.0,83.0,false,false,false,
DirectoryCodeBaseIterator,edu::umd::cs::findbugs::classfile::impl,1,3.0,18.0,false,false,false,
RejarClassesForAnalysis,edu::umd::cs::findbugs::workflow,13,13.0,309.0,false,false,true,
RejarClassesForAnalysisCommandLine,edu::umd::cs::findbugs::workflow,8,3.0,35.0,false,false,true,
PatternMatcher,edu::umd::cs::findbugs::workflow,1,2.0,13.0,false,false,false,
PrefixMatcher,edu::umd::cs::findbugs::workflow,1,3.0,15.0,false,false,false,
1,edu::umd::cs::findbugs::workflow,0,1.0,11.0,false,false,false,
2,edu::umd::cs::findbugs::workflow,0,1.0,7.0,false,false,false,
3,edu::umd::cs::findbugs::workflow,0,1.0,34.0,false,false,false,
4,edu::umd::cs::findbugs::workflow,0,1.0,19.0,false,false,false,
TreemapVisualization,edu::umd::cs::findbugs::workflow,4,5.0,67.0,false,false,false,
DefectDensity,edu::umd::cs::findbugs::workflow,0,3.0,48.0,false,false,false,
Churn,edu::umd::cs::findbugs::workflow,6,6.0,102.0,false,false,true,
Data,edu::umd::cs::findbugs::workflow,3,3.0,20.0,false,false,true,
ChurnCommandLine,edu::umd::cs::findbugs::workflow,0,3.0,12.0,false,false,false,
FileBugHash,edu::umd::cs::findbugs::workflow,4,7.0,85.0,false,false,false,
Update,edu::umd::cs::findbugs::workflow,14,11.0,363.0,true,false,false,
RecursiveSearchForJavaFiles,edu::umd::cs::findbugs::workflow,0,2.0,26.0,false,false,false,
CountClassVersions,edu::umd::cs::findbugs::workflow,0,3.0,82.0,false,false,false,
CountClassVersionsCommandLine,edu::umd::cs::findbugs::workflow,3,3.0,19.0,false,false,true,
BugHistory,edu::umd::cs::findbugs::workflow,12,17.0,186.0,false,false,true,
BugCollectionAndProject,edu::umd::cs::findbugs::workflow,1,3.0,9.0,false,false,false,
BugCollectionAndProjectCache,edu::umd::cs::findbugs::workflow,2,3.0,12.0,false,false,false,
BugHistoryCommandLine,edu::umd::cs::findbugs::workflow,7,13.0,117.0,false,false,false,
TestingGround,edu::umd::cs::findbugs::workflow,1,4.0,35.0,false,false,false,
CommandLine,edu::umd::cs::findbugs::workflow,0,3.0,6.0,false,false,false,
CountByPackagePrefix,edu::umd::cs::findbugs::workflow,1,1.0,52.0,false,false,false,
CopyBuggySource,edu::umd::cs::findbugs::workflow,1,2.0,94.0,false,false,false,
ListBugDatabaseInfo,edu::umd::cs::findbugs::workflow,1,2.0,55.0,false,false,false,
ListBugDatabaseInfoCommandLine,edu::umd::cs::findbugs::workflow,1,3.0,13.0,false,false,false,
RebornIssues,edu::umd::cs::findbugs::workflow,1,4.0,63.0,false,false,false,
SetBugDatabaseInfo,edu::umd::cs::findbugs::workflow,2,2.0,108.0,false,false,false,
SetInfoCommandLine,edu::umd::cs::findbugs::workflow,12,3.0,49.0,false,false,true,
SourceSearcher,edu::umd::cs::findbugs::workflow,3,3.0,28.0,false,false,false,
PrintAppVersion,edu::umd::cs::findbugs::workflow,0,1.0,11.0,false,false,false,
MergeSummarizeAndView,edu::umd::cs::findbugs::workflow,10,16.0,205.0,false,false,true,
MSVOptions,edu::umd::cs::findbugs::workflow,8,1.0,0.0,false,false,true,
MSVCommandLine,edu::umd::cs::findbugs::workflow,1,3.0,35.0,false,false,false,
UpdateCommandLine,edu::umd::cs::findbugs::workflow,3,3.0,65.0,false,false,true,
Filter,edu::umd::cs::findbugs::workflow,1,2.0,72.0,false,false,false,
FilterCommandLine,edu::umd::cs::findbugs::workflow,53,12.0,294.0,true,false,false,
UnionResults,edu::umd::cs::findbugs::workflow,0,2.0,54.0,false,false,false,
UnionResultsCommandLine,edu::umd::cs::findbugs::workflow,2,3.0,12.0,false,false,false,
FindSeqNumTest,edu::umd::cs::findbugs::workflow,2,19.0,75.0,false,false,false,
MineBugHistory,edu::umd::cs::findbugs::workflow,16,16.0,248.0,true,false,false,
Version,edu::umd::cs::findbugs::workflow,2,4.0,14.0,false,false,true,
MineBugHistoryCommandLine,edu::umd::cs::findbugs::workflow,0,3.0,19.0,false,false,false,
ClassNodeAnalysisEngine,edu::umd::cs::findbugs::classfile::engine::asm,0,2.0,20.0,false,false,false,
ClassReaderAnalysisEngine,edu::umd::cs::findbugs::classfile::engine::asm,0,2.0,11.0,false,false,false,
EngineRegistrar,edu::umd::cs::findbugs::classfile::engine::asm,2,2.0,10.0,false,false,false,
GenerateUIDs,edu::umd::cs::findbugs::ml,4,3.0,63.0,false,false,false,
SplitCamelCaseIdentifier,edu::umd::cs::findbugs::ml,1,2.0,48.0,false,false,false,
ConvertToARFF,edu::umd::cs::findbugs::ml,11,23.0,210.0,false,false,false,
DataFile,edu::umd::cs::findbugs::ml,2,3.0,6.0,false,false,false,
MissingNodeException,edu::umd::cs::findbugs::ml,1,1.0,3.0,false,false,false,
XPathAttribute,edu::umd::cs::findbugs::ml,2,3.0,33.0,false,false,false,
NominalAttribute,edu::umd::cs::findbugs::ml,1,4.0,17.0,false,false,false,
BooleanAttribute,edu::umd::cs::findbugs::ml,0,4.0,17.0,false,false,false,
AbstractClassificationAttribute,edu::umd::cs::findbugs::ml,0,4.0,12.0,false,false,false,
ClassificationAttribute,edu::umd::cs::findbugs::ml,0,3.0,14.0,false,false,false,
BinaryClassificationAttribute,edu::umd::cs::findbugs::ml,0,3.0,11.0,false,false,false,
NumericAttribute,edu::umd::cs::findbugs::ml,0,3.0,8.0,false,false,false,
PriorityAttribute,edu::umd::cs::findbugs::ml,0,5.0,25.0,false,false,false,
IdAttribute,edu::umd::cs::findbugs::ml,3,6.0,24.0,false,false,false,
IdStringAttribute,edu::umd::cs::findbugs::ml,1,5.0,19.0,false,false,false,
RandomIdAttribute,edu::umd::cs::findbugs::ml,2,6.0,29.0,false,false,false,
AppNameAttribute,edu::umd::cs::findbugs::ml,1,5.0,12.0,false,false,false,
1,edu::umd::cs::findbugs::ml,0,1.0,3.0,false,false,false,
2,edu::umd::cs::findbugs::ml,0,1.0,7.0,false,false,false,
3,edu::umd::cs::findbugs::ml,1,1.0,12.0,false,false,false,
C2ACommandLine,edu::umd::cs::findbugs::ml,1,6.0,78.0,false,false,false,
SplitCamelCaseIdentifierTest,edu::umd::cs::findbugs::ml,6,8.0,38.0,false,false,false,
LVTHelper,edu::umd::cs::findbugs::visitclass,0,1.0,14.0,false,false,false,
PrintClass,edu::umd::cs::findbugs::visitclass,3,3.0,92.0,false,false,false,
ZipEntryComparator,edu::umd::cs::findbugs::visitclass,1,2.0,17.0,false,false,false,
Util,edu::umd::cs::findbugs::visitclass,0,2.0,51.0,false,false,false,
GetNumberArgumentsTest,edu::umd::cs::findbugs::visitclass,1,5.0,23.0,false,false,false,
DismantleBytecodeTest,edu::umd::cs::findbugs::visitclass,0,1.0,8.0,false,false,false,
UnconditionalValueDerefDataflow,edu::umd::cs::findbugs::ba::deref,0,1.0,3.0,false,false,false,
UnconditionalValueDerefAnalysis,edu::umd::cs::findbugs::ba::deref,16,31.0,577.0,true,false,false,
UnconditionalValueDerefSet,edu::umd::cs::findbugs::ba::deref,6,23.0,247.0,false,false,false,
GenericObjectType,edu::umd::cs::findbugs::ba::generic,3,15.0,80.0,false,false,false,
GenericUtilities,edu::umd::cs::findbugs::ba::generic,0,11.0,149.0,false,false,false,
null,edu::umd::cs::findbugs::ba::generic,0,1.0,4.0,false,false,false,
GenericSignatureParser,edu::umd::cs::findbugs::ba::generic,1,8.0,91.0,false,false,false,
TestGenericObjectType,edu::umd::cs::findbugs::ba::generic,7,6.0,133.0,false,false,false,
ParameterSignatureIterator,edu::umd::cs::findbugs::ba::generic,1,4.0,70.0,false,false,false,
GenericUtilitiesTest,edu::umd::cs::findbugs::ba::generic,1,6.0,28.0,false,false,false,
TestGenericSignatureParser,edu::umd::cs::findbugs::ba::generic,0,2.0,33.0,false,false,false,
GenericSignatureParserTest,edu::umd::cs::findbugs::ba::generic,0,1.0,4.0,false,false,false,
DBStats,edu::umd::cs::findbugs::cloud::db,1,11.0,453.0,false,false,false,
TimeSeries,edu::umd::cs::findbugs::cloud::db,3,5.0,32.0,false,false,false,
DBCloud,edu::umd::cs::findbugs::cloud::db,57,79.0,1201.0,true,true,false,
BugData,edu::umd::cs::findbugs::cloud::db,13,9.0,62.0,false,false,true,
PopulateBugs,edu::umd::cs::findbugs::cloud::db,1,2.0,229.0,false,false,false,
DatabaseSyncTask,edu::umd::cs::findbugs::cloud::db,2,8.0,152.0,false,false,false,
1,edu::umd::cs::findbugs::cloud::db,0,1.0,6.0,false,false,false,
ShutdownTask,edu::umd::cs::findbugs::cloud::db,0,2.0,3.0,false,false,false,
2,edu::umd::cs::findbugs::cloud::db,0,1.0,4.0,false,false,false,
3,edu::umd::cs::findbugs::cloud::db,0,1.0,4.0,false,false,false,
DatabaseSyncShutdownException,edu::umd::cs::findbugs::cloud::db,0,1.0,0.0,false,false,false,
FileBug,edu::umd::cs::findbugs::cloud::db,1,2.0,13.0,false,false,false,
StoreNewBug,edu::umd::cs::findbugs::cloud::db,2,2.0,17.0,false,false,false,
StoreUserAnnotation,edu::umd::cs::findbugs::cloud::db,2,2.0,8.0,false,false,false,
SourceLine,edu::umd::cs::findbugs::cloud::db,2,1.0,4.0,false,false,false,
CallListDataflow,edu::umd::cs::findbugs::ba::ca,0,1.0,3.0,false,false,false,
CallList,edu::umd::cs::findbugs::ba::ca,3,16.0,82.0,false,false,false,
Call,edu::umd::cs::findbugs::ba::ca,3,6.0,25.0,false,false,false,
CallListAnalysis,edu::umd::cs::findbugs::ba::ca,2,13.0,58.0,false,false,false,
PrettyPrintBugDescriptions,edu::umd::cs::findbugs::tools::html,7,15.0,119.0,false,false,true,
PlainPrintBugDescriptions,edu::umd::cs::findbugs::tools::html,2,10.0,34.0,false,false,false,
PrintBugDescriptions,edu::umd::cs::findbugs::tools::html,0,5.0,27.0,false,false,false,
BugPatternComparator,edu::umd::cs::findbugs::tools::html,0,2.0,7.0,false,false,false,
ColorAlternator,edu::umd::cs::findbugs::tools::html,2,2.0,6.0,false,false,false,
SingleDetectorFactorySelector,edu::umd::cs::findbugs::plan,2,3.0,11.0,false,false,false,
ReportingDetectorFactorySelector,edu::umd::cs::findbugs::plan,1,3.0,14.0,false,false,false,
AnalysisPass,edu::umd::cs::findbugs::plan,2,9.0,55.0,false,false,false,
OrderingConstraintException,edu::umd::cs::findbugs::plan,1,1.0,3.0,false,false,false,
ExecutionPlan,edu::umd::cs::findbugs::plan,8,23.0,390.0,true,false,false,
DetectorOrderingConstraint,edu::umd::cs::findbugs::plan,3,6.0,19.0,false,false,false,
ConstraintGraph,edu::umd::cs::findbugs::plan,0,3.0,6.0,false,false,false,
ConstraintEdge,edu::umd::cs::findbugs::plan,1,3.0,9.0,false,false,false,
DetectorNode,edu::umd::cs::findbugs::plan,1,3.0,9.0,false,false,false,
1,edu::umd::cs::findbugs::plan,0,2.0,6.0,false,false,false,
2,edu::umd::cs::findbugs::plan,0,1.0,9.0,false,false,false,
ByInterfaceDetectorFactorySelector,edu::umd::cs::findbugs::plan,2,2.0,9.0,false,false,false,
JUnitJarRunner,edu::umd::cs::findbugs::tools::junit,2,5.0,76.0,false,false,false,
1,edu::umd::cs::findbugs::tools::junit,0,1.0,4.0,false,false,false,
FBClassReader,edu::umd::cs::findbugs::asm,0,3.0,16.0,false,false,false,
AbstractFBMethodVisitor,edu::umd::cs::findbugs::asm,1,3.0,9.0,false,false,false,
MyClassAdapter,edu::umd::cs::findbugs::asm,0,2.0,11.0,false,false,false,
MyMethodAdapter,edu::umd::cs::findbugs::asm,0,2.0,11.0,false,false,false,
MyLabel,edu::umd::cs::findbugs::asm,2,1.0,3.0,false,false,false,
PackageDependenciesTest,edu::umd::cs::findbugs::architecture,1,5.0,61.0,false,false,false,
FilterPropertyDatabase,edu::umd::cs::findbugs::tools,1,1.0,19.0,false,false,false,
FixIndentation,edu::umd::cs::findbugs::tools,2,3.0,66.0,false,false,false,
ConstantFrame,edu::umd::cs::findbugs::ba::constant,0,1.0,3.0,false,false,false,
ConstantFrameModelingVisitor,edu::umd::cs::findbugs::ba::constant,0,8.0,43.0,false,false,false,
Constant,edu::umd::cs::findbugs::ba::constant,2,10.0,46.0,false,false,false,
ConstantAnalysis,edu::umd::cs::findbugs::ba::constant,2,6.0,42.0,false,false,false,
ConstantDataflow,edu::umd::cs::findbugs::ba::constant,0,1.0,3.0,false,false,false,
LoadDataflow,edu::umd::cs::findbugs::ba::heap,0,1.0,3.0,false,false,false,
LoadAnalysis,edu::umd::cs::findbugs::ba::heap,0,3.0,8.0,false,false,false,
FieldSetAnalysis,edu::umd::cs::findbugs::ba::heap,2,15.0,82.0,false,false,false,
StoreDataflow,edu::umd::cs::findbugs::ba::heap,0,1.0,3.0,false,false,false,
StoreAnalysis,edu::umd::cs::findbugs::ba::heap,0,3.0,8.0,false,false,false,
FieldSet,edu::umd::cs::findbugs::ba::heap,3,15.0,72.0,false,false,false,
RapidTypeAnalysis,edu::umd::cs::findbugs::ba::rta,1,3.0,15.0,false,false,false,
CheckMessages,edu::umd::cs::findbugs::tools::xml,2,4.0,82.0,false,false,false,
CheckMessagesException,edu::umd::cs::findbugs::tools::xml,1,1.0,3.0,false,false,false,
XMLFile,edu::umd::cs::findbugs::tools::xml,2,8.0,50.0,false,false,false,
