<?xml version="1.0" encoding="UTF-8"?>
<project xmlns="http://www.netbeans.org/ns/project/1">
    <type>org.netbeans.modules.ant.freeform</type>
    <configuration>
        <general-data xmlns="http://www.netbeans.org/ns/freeform-project/1">
            <!-- Do not use Project Properties customizer when editing this file manually. -->
            <name>findbugs</name>
            <properties/>
            <folders>
                <source-folder>
                    <label>src/java</label>
                    <type>java</type>
                    <location>src/java</location>
                </source-folder>
                <source-folder>
                    <label>src/junit</label>
                    <type>java</type>
                    <location>src/junit</location>
                </source-folder>
                <source-folder>
                    <label>src/antTask</label>
                    <type>java</type>
                    <location>src/antTask</location>
                </source-folder>
                <source-folder>
                    <label>src/java5</label>
                    <type>java</type>
                    <location>src/java5</location>
                </source-folder>
                <source-folder>
                    <label>src/tools</label>
                    <type>java</type>
                    <location>src/tools</location>
                </source-folder>
            </folders>
            <ide-actions>
                <action name="build">
                    <target>build</target>
                </action>
                <action name="clean">
                    <target>clean</target>
                </action>
                <action name="javadoc">
                    <target>docs</target>
                </action>
                <action name="run">
                    <target>runjunit</target>
                </action>
                <action name="test">
                    <target>junittests</target>
                </action>
                <action name="rebuild">
                    <target>clean</target>
                    <target>build</target>
                </action>
                <action name="run.single">
                    <script>nbproject/ide-file-targets.xml</script>
                    <target>run-selected-file-in-java5</target>
                    <context>
                        <property>run.class</property>
                        <folder>src/java5</folder>
                        <pattern>\.java$</pattern>
                        <format>java-name</format>
                        <arity>
                            <one-file-only/>
                        </arity>
                    </context>
                </action>
            </ide-actions>
            <view>
                <items>
                    <source-folder style="packages">
                        <label>src/java</label>
                        <location>src/java</location>
                    </source-folder>
                    <source-folder style="packages">
                        <label>src/junit</label>
                        <location>src/junit</location>
                    </source-folder>
                    <source-folder style="packages">
                        <label>src/antTask</label>
                        <location>src/antTask</location>
                    </source-folder>
                    <source-folder style="packages">
                        <label>src/java5</label>
                        <location>src/java5</location>
                    </source-folder>
                    <source-folder style="packages">
                        <label>src/tools</label>
                        <location>src/tools</location>
                    </source-folder>
                    <source-file>
                        <location>build.xml</location>
                    </source-file>
                </items>
                <context-menu>
                    <ide-action name="build"/>
                    <ide-action name="clean"/>
                    <ide-action name="javadoc"/>
                    <ide-action name="run"/>
                    <ide-action name="test"/>
                    <ide-action name="rebuild"/>
                </context-menu>
            </view>
            <subprojects/>
        </general-data>
        <java-data xmlns="http://www.netbeans.org/ns/freeform-project-java/2">
            <!--
            <compilation-unit>
                <package-root>src/junit</package-root>
                <unit-tests/>
                <classpath mode="compile">build/classes:lib/annotations.jar:lib/ant.jar:lib/AppleJavaExtensions.jar:lib/asm-3.0.jar:lib/asm-analysis-3.0.jar:lib/asm-commons-3.0.jar:lib/asm-tree-3.0.jar:lib/asm-util-3.0.jar:lib/asm-xml-3.0.jar:lib/bcel.jar:lib/dom4j-full.jar:lib/jsr305.jar:lib/junit.jar</classpath>
                <source-level>1.5</source-level>
            </compilation-unit>
            <compilation-unit>
                <package-root>src/antTask</package-root>
                <classpath mode="compile">build/classes:lib/annotations.jar:lib/ant.jar:lib/AppleJavaExtensions.jar:lib/asm-3.0.jar:lib/asm-analysis-3.0.jar:lib/asm-commons-3.0.jar:lib/asm-tree-3.0.jar:lib/asm-util-3.0.jar:lib/asm-xml-3.0.jar:lib/bcel.jar:lib/dom4j-full.jar:lib/jsr305.jar:lib/junit.jar</classpath>
                <source-level>1.5</source-level>
            </compilation-unit>
            <compilation-unit>
                <package-root>src/java5</package-root>
                <classpath mode="compile">build/classes:lib/annotations.jar:lib/ant.jar:lib/AppleJavaExtensions.jar:lib/asm-3.0.jar:lib/asm-analysis-3.0.jar:lib/asm-commons-3.0.jar:lib/asm-tree-3.0.jar:lib/asm-util-3.0.jar:lib/asm-xml-3.0.jar:lib/bcel.jar:lib/dom4j-full.jar:lib/jsr305.jar:lib/junit.jar</classpath>
                <source-level>1.5</source-level>
            </compilation-unit>
-->
            <compilation-unit>
                <package-root>src/java</package-root>
                <package-root>src/junit</package-root>
                <package-root>src/antTask</package-root>
                <package-root>src/java5</package-root>
                <package-root>src/tools</package-root>
                <classpath mode="compile">build/classes:lib/bcel.jar:lib/junit.jar:lib/ant.jar:lib/AppleJavaExtensions.jar:lib/jsr305.jar:lib/dom4j-1.6.1.jar:lib/jaxen-1.1.1.jar:lib/asm-3.1.jar:lib/asm-analysis-3.1.jar:lib/asm-commons-3.1.jar:lib/asm-tree-3.1.jar:lib/asm-util-3.1.jar:lib/asm-xml-3.1.jar</classpath>
                <source-level>1.5</source-level>
            </compilation-unit>
        </java-data>
    </configuration>
</project>
